,Beverages,Caramel Apples,Chicken Tenders,Churros,Corn,Covered Strawberries,Dogs,Fries,Funnel Cakes,Ice Cream,Oreos,Popcorn,Vegetarian Dogs
2020-12-01,0.0,0.0,0.0,0.0,0.0,0.0,0.0,0.0,0.0,0.0,0.0,0.0,0.0
2020-12-02,39.5,435.0,0.0,0.0,102.25,0.0,567.75,0.0,557.5,89.0,124.0,261.62,30.25
2020-12-03,41.0,296.0,0.0,0.0,146.25,0.0,557.0,0.0,511.0,97.5,106.5,178.73,9.5
2020-12-04,59.5,541.0,0.0,0.0,115.75,0.0,611.25,0.0,554.5,133.0,210.0,375.39,19.5
2020-12-05,54.0,394.0,0.0,0.0,126.75,0.0,538.25,0.0,647.0,100.0,225.0,201.58,70.0
2020-12-06,74.5,391.0,0.0,0.0,94.0,0.0,539.0,0.0,647.0,122.0,195.0,132.71,10.0
2020-12-07,0.0,0.0,0.0,0.0,0.0,0.0,0.0,0.0,0.0,0.0,0.0,0.0,0.0
2020-12-08,0.0,0.0,0.0,0.0,0.0,0.0,0.0,0.0,0.0,0.0,0.0,0.0,0.0
2020-12-09,42.5,308.0,0.0,0.0,56.5,0.0,364.25,0.0,332.0,116.75,133.5,241.63,0.0
2020-12-10,37.0,280.0,0.0,0.0,80.5,0.0,345.0,0.0,339.0,128.25,149.5,126.75,5.0
2020-12-11,52.5,249.0,0.0,0.0,91.75,0.0,358.25,0.0,503.0,46.5,81.0,144.74,14.5
2020-12-12,53.0,272.0,0.0,0.0,64.25,0.0,394.25,0.0,676.5,86.75,152.0,193.73,0.0
2020-12-13,26.0,191.0,0.0,0.0,102.5,0.0,358.0,0.0,454.0,47.5,148.0,150.76,25.75
2020-12-14,0.0,0.0,0.0,0.0,0.0,0.0,0.0,0.0,0.0,0.0,0.0,0.0,0.0
2020-12-15,0.0,0.0,0.0,0.0,0.0,0.0,0.0,0.0,0.0,0.0,0.0,0.0,0.0
2020-12-16,42.5,383.0,0.0,0.0,59.25,0.0,509.5,0.0,410.0,34.0,116.0,152.72,0.0
2020-12-17,32.0,301.0,0.0,0.0,16.5,0.0,485.0,0.0,377.5,115.5,176.0,190.7,11.25
2020-12-18,38.0,368.0,0.0,0.0,127.0,0.0,362.0,0.0,504.0,113.75,168.0,153.73,16.75
2020-12-19,49.0,220.0,0.0,0.0,87.5,0.0,409.0,0.0,590.5,110.25,186.5,139.76,10.75
2020-12-20,46.0,409.0,0.0,0.0,85.5,0.0,530.25,0.0,725.5,92.25,180.0,160.76,15.5
2020-12-21,0.0,0.0,0.0,0.0,0.0,0.0,0.0,0.0,0.0,0.0,0.0,0.0,0.0
2020-12-22,0.0,0.0,0.0,0.0,0.0,0.0,0.0,0.0,0.0,0.0,0.0,0.0,0.0
2020-12-23,24.5,449.0,0.0,0.0,100.0,0.0,488.75,0.0,364.0,56.0,116.5,208.66,56.0
2020-12-24,0.0,0.0,0.0,0.0,0.0,0.0,0.0,0.0,0.0,0.0,0.0,0.0,0.0
2020-12-25,0.0,0.0,0.0,0.0,0.0,0.0,0.0,0.0,0.0,0.0,0.0,0.0,0.0
2020-12-26,66.0,394.0,0.0,0.0,136.25,0.0,523.75,0.0,689.5,67.0,161.0,240.63,20.75
2020-12-27,46.0,543.0,0.0,0.0,92.75,0.0,523.0,0.0,646.5,132.0,231.5,204.64,5.0
2020-12-28,0.0,0.0,0.0,0.0,0.0,0.0,0.0,0.0,0.0,0.0,0.0,0.0,0.0
2020-12-29,0.0,0.0,0.0,0.0,0.0,0.0,0.0,0.0,0.0,0.0,0.0,0.0,0.0
2020-12-30,0.0,0.0,0.0,0.0,0.0,0.0,0.0,0.0,0.0,0.0,0.0,0.0,0.0
2020-12-31,0.0,0.0,0.0,0.0,0.0,0.0,0.0,0.0,0.0,0.0,0.0,0.0,0.0
2021-01-01,0.0,0.0,0.0,0.0,0.0,0.0,0.0,0.0,0.0,0.0,0.0,0.0,0.0
2021-01-02,0.0,0.0,0.0,0.0,0.0,0.0,0.0,0.0,0.0,0.0,0.0,0.0,0.0
2021-01-03,0.0,0.0,0.0,0.0,0.0,0.0,0.0,0.0,0.0,0.0,0.0,0.0,0.0
2021-01-04,0.0,0.0,0.0,0.0,0.0,0.0,0.0,0.0,0.0,0.0,0.0,0.0,0.0
2021-01-05,0.0,0.0,0.0,0.0,0.0,0.0,0.0,0.0,0.0,0.0,0.0,0.0,0.0
2021-01-06,0.0,0.0,0.0,0.0,0.0,0.0,0.0,0.0,0.0,0.0,0.0,0.0,0.0
2021-01-07,22.0,559.0,0.0,0.0,78.5,0.0,597.75,0.0,646.0,95.5,173.5,206.59,10.0
2021-01-08,48.0,575.0,0.0,0.0,76.75,0.0,768.25,0.0,435.5,157.5,155.5,242.59,10.0
2021-01-09,47.5,513.0,0.0,0.0,82.5,0.0,607.0,0.0,966.0,155.75,395.0,352.4,0.0
2021-01-10,63.0,511.0,0.0,0.0,103.25,0.0,509.0,0.0,614.5,156.75,248.5,194.62,10.5
2021-01-11,0.0,0.0,0.0,0.0,0.0,0.0,0.0,0.0,0.0,0.0,0.0,0.0,0.0
2021-01-12,0.0,0.0,0.0,0.0,0.0,0.0,0.0,0.0,0.0,0.0,0.0,0.0,0.0
2021-01-13,68.5,567.0,0.0,0.0,66.0,0.0,531.0,0.0,685.5,125.25,206.0,178.67,0.0
2021-01-14,51.0,507.0,0.0,0.0,84.5,0.0,423.0,0.0,610.5,117.25,221.5,194.63,0.0
2021-01-15,61.0,449.0,0.0,0.0,99.0,0.0,711.25,7.0,762.5,158.5,210.0,220.59,10.0
2021-01-16,60.5,497.0,0.0,0.0,111.0,0.0,601.25,52.0,880.0,206.75,313.0,274.62,20.5
2021-01-17,62.0,678.0,0.0,0.0,107.0,0.0,652.5,34.0,813.5,225.25,239.0,148.75,10.5
2021-01-18,0.0,0.0,0.0,0.0,0.0,0.0,0.0,0.0,0.0,0.0,0.0,0.0,0.0
2021-01-19,0.0,0.0,0.0,0.0,0.0,0.0,0.0,0.0,0.0,0.0,0.0,0.0,0.0
2021-01-20,52.75,465.0,0.0,0.0,141.75,0.0,597.25,103.0,738.5,159.5,257.5,196.7,5.0
2021-01-21,67.75,500.0,0.0,0.0,104.0,0.0,589.0,37.0,638.5,87.5,191.0,218.63,0.0
2021-01-22,38.0,613.0,0.0,0.0,83.5,0.0,472.25,49.0,866.5,219.5,200.5,152.76,0.0
2021-01-23,64.0,712.0,0.0,0.0,137.5,0.0,781.5,115.0,1136.0,220.0,276.0,341.45,0.0
2021-01-24,39.5,423.0,0.0,0.0,117.0,0.0,595.0,62.0,755.5,161.0,201.0,218.63,14.5
2021-01-25,0.0,0.0,0.0,0.0,0.0,0.0,0.0,0.0,0.0,0.0,0.0,0.0,0.0
2021-01-26,0.0,0.0,0.0,0.0,0.0,0.0,0.0,0.0,0.0,0.0,0.0,0.0,0.0
2021-01-27,46.5,497.0,0.0,0.0,57.0,0.0,492.25,81.0,525.0,120.5,171.5,222.69,26.0
2021-01-28,66.0,604.0,0.0,0.0,83.75,0.0,637.25,41.0,574.5,137.0,174.5,270.54,15.5
2021-01-29,54.75,754.0,0.0,0.0,97.75,0.0,939.75,75.0,896.0,152.5,143.0,230.51,20.75
2021-01-30,53.25,996.0,0.0,0.0,118.25,0.0,690.0,70.0,1089.0,171.0,313.0,456.26,10.0
2021-01-31,46.0,778.0,0.0,0.0,157.5,0.0,704.5,93.0,1168.5,220.5,319.5,215.61,0.0
2021-02-01,0.0,0.0,0.0,0.0,0.0,0.0,0.0,0.0,0.0,0.0,0.0,0.0,0.0
2021-02-02,0.0,0.0,0.0,0.0,0.0,0.0,0.0,0.0,0.0,0.0,0.0,0.0,0.0
2021-02-03,56.25,732.0,0.0,0.0,100.75,0.0,615.75,110.0,760.5,150.0,249.5,240.61,10.0
2021-02-04,39.5,470.0,0.0,0.0,123.75,0.0,416.0,77.0,550.5,113.0,212.5,235.55,0.0
2021-02-05,49.0,639.0,0.0,0.0,83.0,0.0,626.5,64.0,745.5,161.5,208.0,237.61,5.0
2021-02-06,69.25,941.0,0.0,0.0,129.75,0.0,891.25,117.0,1057.0,328.0,312.5,279.5,5.5
2021-02-07,70.25,616.0,0.0,0.0,184.5,0.0,563.0,83.0,958.0,183.5,229.5,265.6,10.0
2021-02-08,0.0,0.0,0.0,0.0,0.0,0.0,0.0,0.0,0.0,0.0,0.0,0.0,0.0
2021-02-09,1.5,0.0,0.0,0.0,0.0,0.0,0.0,0.0,0.0,0.0,0.0,16.98,0.0
2021-02-10,46.75,571.0,0.0,0.0,104.25,0.0,620.5,112.0,712.0,86.5,154.0,161.72,10.0
2021-02-11,39.75,519.0,0.0,0.0,82.25,0.0,406.5,65.0,523.0,71.5,113.0,267.43,10.5
2021-02-12,60.0,701.0,0.0,0.0,137.25,0.0,654.75,109.0,675.0,219.5,146.0,307.39,26.5
2021-02-13,59.75,811.0,0.0,0.0,110.75,0.0,742.75,80.0,993.5,288.5,254.0,318.51,11.5
2021-02-14,68.25,821.0,0.0,0.0,133.25,0.0,812.5,81.0,881.5,188.0,287.5,298.52,47.25
2021-02-15,0.0,0.0,0.0,0.0,0.0,0.0,0.0,0.0,0.0,0.0,0.0,0.0,0.0
2021-02-16,0.0,0.0,0.0,0.0,0.0,0.0,0.0,0.0,0.0,0.0,0.0,0.0,0.0
2021-02-17,36.25,695.0,0.0,0.0,124.5,0.0,587.75,101.0,581.5,166.0,166.0,185.72,21.0
2021-02-18,49.25,614.0,0.0,0.0,114.5,0.0,602.5,64.0,673.5,146.5,232.5,183.72,10.0
2021-02-19,51.5,660.0,0.0,0.0,121.5,0.0,621.75,45.0,647.5,218.5,237.0,230.61,0.0
2021-02-20,97.0,914.0,0.0,0.0,155.75,0.0,809.0,161.0,1042.0,190.5,310.5,275.53,51.75
2021-02-21,78.5,956.0,0.0,0.0,138.0,0.0,697.5,123.0,1173.5,194.0,156.5,439.24,0.0
2021-02-22,0.0,0.0,0.0,0.0,0.0,0.0,0.0,0.0,0.0,0.0,0.0,0.0,0.0
2021-02-23,0.0,0.0,0.0,0.0,0.0,0.0,0.0,0.0,0.0,0.0,0.0,0.0,0.0
2021-02-24,100.75,830.0,0.0,0.0,151.25,0.0,610.0,124.0,744.0,184.0,208.5,237.61,15.5
2021-02-25,74.25,700.0,0.0,0.0,141.0,0.0,542.5,42.0,791.5,109.0,152.5,274.56,44.75
2021-02-26,51.0,649.0,0.0,0.0,75.0,0.0,550.5,84.0,783.5,261.0,319.5,221.61,5.0
2021-02-27,89.25,982.0,0.0,0.0,162.5,0.0,842.0,159.0,1193.5,385.0,330.5,361.45,25.5
2021-02-28,55.75,819.0,0.0,0.0,118.0,0.0,706.25,127.0,1117.5,312.0,281.0,331.49,5.5
2021-03-01,0.0,0.0,0.0,0.0,0.0,0.0,0.0,0.0,0.0,0.0,0.0,0.0,0.0
2021-03-02,0.0,0.0,0.0,0.0,0.0,0.0,0.0,0.0,0.0,0.0,0.0,0.0,0.0
2021-03-03,59.0,754.0,0.0,0.0,112.75,0.0,660.5,83.0,780.0,249.0,287.0,262.56,10.0
2021-03-04,78.5,729.0,0.0,0.0,107.25,0.0,666.25,45.0,1008.5,91.0,183.5,324.39,0.0
2021-03-05,49.75,564.0,0.0,0.0,53.0,0.0,562.5,26.0,713.0,125.0,245.5,370.45,24.5
2021-03-06,70.0,928.0,0.0,0.0,115.25,0.0,974.5,89.0,1320.5,296.5,361.5,468.24,22.0
2021-03-07,97.5,852.0,0.0,0.0,125.75,0.0,910.25,127.0,1328.0,267.0,422.0,242.57,36.0
2021-03-08,0.0,0.0,0.0,0.0,0.0,0.0,0.0,0.0,0.0,0.0,0.0,0.0,0.0
2021-03-09,0.0,0.0,0.0,0.0,0.0,0.0,0.0,0.0,0.0,0.0,0.0,0.0,0.0
2021-03-10,51.5,587.0,0.0,0.0,102.0,0.0,702.75,58.0,922.0,161.0,164.5,228.6,0.0
2021-03-11,38.0,666.0,0.0,0.0,114.75,0.0,461.25,79.0,751.0,182.0,201.5,320.48,23.0
2021-03-12,60.25,630.0,0.0,0.0,115.0,0.0,679.5,78.0,835.0,256.0,250.0,286.53,20.0
2021-03-13,68.25,928.0,0.0,0.0,188.0,0.0,813.0,50.0,1047.0,300.0,425.0,402.35,21.0
2021-03-14,63.0,928.0,0.0,0.0,87.0,0.0,767.25,67.0,1016.0,158.0,249.0,335.46,0.0
2021-03-15,0.0,0.0,0.0,0.0,0.0,0.0,0.0,0.0,0.0,0.0,0.0,0.0,0.0
2021-03-16,0.0,0.0,0.0,0.0,0.0,0.0,0.0,0.0,0.0,0.0,0.0,0.0,0.0
2021-03-17,51.0,726.0,0.0,0.0,78.75,0.0,594.75,57.0,855.0,123.5,145.0,183.62,10.25
2021-03-18,40.5,568.0,0.0,0.0,74.5,0.0,681.75,81.0,658.0,128.5,219.0,179.73,5.0
2021-03-19,49.0,802.0,0.0,0.0,111.0,0.0,648.0,79.0,894.0,141.5,236.5,412.4,31.25
2021-03-20,46.5,566.0,0.0,0.0,97.25,0.0,623.5,92.0,1027.0,196.5,250.0,312.47,5.0
2021-03-21,74.75,1003.0,0.0,0.0,148.0,0.0,995.25,63.0,1075.5,240.5,334.0,278.54,20.5
2021-03-22,0.0,0.0,0.0,0.0,0.0,0.0,0.0,0.0,0.0,0.0,0.0,0.0,0.0
2021-03-23,0.0,0.0,0.0,0.0,0.0,0.0,0.0,0.0,0.0,0.0,0.0,0.0,0.0
2021-03-24,55.0,776.0,0.0,0.0,127.5,0.0,658.25,52.0,903.5,284.5,218.0,310.51,0.0
2021-03-25,67.0,979.0,0.0,0.0,131.5,0.0,695.0,42.0,937.5,149.0,226.0,242.54,29.75
2021-03-26,58.0,798.0,0.0,0.0,107.75,0.0,725.25,77.0,1067.5,318.0,256.5,381.34,10.0
2021-03-27,87.25,795.0,0.0,0.0,114.25,0.0,1163.75,145.0,1297.5,250.5,412.5,328.46,15.0
2021-03-28,91.5,850.0,0.0,0.0,169.75,0.0,1049.0,145.0,1249.5,344.5,303.5,454.24,21.75
2021-03-29,0.0,0.0,0.0,0.0,0.0,0.0,0.0,0.0,0.0,0.0,0.0,0.0,0.0
2021-03-30,0.0,0.0,0.0,0.0,0.0,0.0,0.0,0.0,0.0,0.0,0.0,0.0,0.0
2021-03-31,88.25,895.0,0.0,0.0,99.75,0.0,844.75,112.0,957.0,179.0,219.5,214.6,14.5
2021-04-01,62.75,853.0,0.0,0.0,99.0,0.0,712.5,24.0,849.5,242.5,203.5,298.46,0.0
2021-04-02,71.0,781.0,0.0,0.0,163.75,0.0,775.0,106.0,1136.5,227.0,253.5,308.57,57.5
2021-04-03,86.5,754.0,0.0,0.0,148.25,0.0,776.25,167.0,1401.0,229.0,303.0,339.39,9.5
2021-04-04,0.0,0.0,0.0,0.0,0.0,0.0,0.0,0.0,0.0,0.0,0.0,0.0,0.0
2021-04-05,0.0,0.0,0.0,0.0,0.0,0.0,0.0,0.0,0.0,0.0,0.0,0.0,0.0
2021-04-06,0.0,0.0,0.0,0.0,0.0,0.0,0.0,0.0,0.0,0.0,0.0,0.0,0.0
2021-04-07,62.25,811.0,0.0,0.0,122.25,0.0,844.0,116.0,830.0,242.0,248.0,383.38,50.5
2021-04-08,58.5,741.0,0.0,0.0,154.0,0.0,678.0,62.0,683.5,243.0,221.0,248.62,18.5
2021-04-09,88.75,963.0,0.0,0.0,101.5,0.0,990.5,116.0,1030.0,328.0,265.5,341.51,22.0
2021-04-10,102.25,862.0,0.0,0.0,151.25,0.0,741.75,132.0,1255.5,312.5,332.5,329.39,17.0
2021-04-11,84.0,945.0,0.0,0.0,162.75,0.0,855.0,67.0,1250.5,296.5,335.5,360.44,30.5
2021-04-12,0.0,0.0,0.0,0.0,0.0,0.0,0.0,0.0,0.0,0.0,0.0,0.0,0.0
2021-04-13,0.0,0.0,0.0,0.0,0.0,0.0,0.0,0.0,0.0,0.0,0.0,0.0,0.0
2021-04-14,54.75,671.0,0.0,0.0,88.25,0.0,592.5,60.0,831.0,190.5,125.0,285.55,6.5
2021-04-15,74.5,681.0,0.0,0.0,120.25,0.0,783.5,79.0,897.5,150.5,233.5,234.65,5.5
2021-04-16,49.75,740.0,0.0,0.0,94.5,0.0,667.5,77.0,1117.0,177.5,261.5,305.55,50.75
2021-04-17,92.5,721.0,0.0,0.0,149.75,0.0,796.0,115.0,1190.0,196.5,313.0,398.38,21.5
2021-04-18,65.25,750.0,0.0,0.0,104.0,0.0,830.5,106.0,1357.5,308.0,353.0,325.45,35.25
2021-04-19,0.0,0.0,0.0,0.0,0.0,0.0,0.0,0.0,0.0,0.0,0.0,0.0,0.0
2021-04-20,0.0,0.0,0.0,0.0,0.0,0.0,0.0,0.0,0.0,0.0,0.0,0.0,0.0
2021-04-21,59.0,711.0,0.0,0.0,100.5,0.0,682.5,82.0,746.0,242.0,231.5,269.55,35.25
2021-04-22,42.5,551.0,0.0,0.0,133.0,0.0,662.0,70.0,835.0,124.5,216.5,300.57,0.0
2021-04-23,56.25,547.0,0.0,0.0,80.5,0.0,653.25,92.0,876.5,178.0,215.0,289.46,10.0
2021-04-24,114.75,1000.0,0.0,0.0,181.25,0.0,875.0,51.0,1350.0,289.0,333.5,390.42,5.5
2021-04-25,65.75,722.0,0.0,0.0,107.5,0.0,726.25,87.0,1136.0,276.5,271.0,304.56,25.75
2021-04-26,0.0,0.0,0.0,0.0,0.0,0.0,0.0,0.0,0.0,0.0,0.0,0.0,0.0
2021-04-27,0.0,0.0,0.0,0.0,0.0,0.0,0.0,0.0,0.0,0.0,0.0,0.0,0.0
2021-04-28,78.5,872.0,0.0,0.0,137.0,0.0,742.75,51.0,848.0,221.0,234.0,182.76,15.0
2021-04-29,77.75,554.0,0.0,0.0,64.75,0.0,529.25,49.0,794.0,159.0,188.0,224.58,30.75
2021-04-30,73.25,845.0,0.0,0.0,58.0,0.0,890.75,87.0,948.5,247.0,291.0,243.51,0.0
2021-05-01,76.75,1135.0,0.0,0.0,86.5,0.0,867.0,93.0,1217.0,288.5,331.5,463.06,5.0
2021-05-02,128.25,886.0,0.0,0.0,179.25,0.0,1007.25,117.0,1360.0,389.0,252.0,487.16,61.5
2021-05-03,0.0,0.0,0.0,0.0,0.0,0.0,0.0,0.0,0.0,0.0,0.0,0.0,0.0
2021-05-04,0.0,0.0,0.0,0.0,0.0,0.0,0.0,0.0,0.0,0.0,0.0,0.0,0.0
2021-05-05,73.5,1832.0,0.0,0.0,127.25,0.0,640.5,67.0,842.5,128.5,317.0,292.55,5.5
2021-05-06,50.25,332.0,0.0,0.0,82.5,0.0,540.25,68.0,721.5,125.0,181.5,230.62,34.5
2021-05-07,62.75,597.0,0.0,0.0,117.25,0.0,656.25,117.0,1009.5,184.5,242.0,284.53,32.75
2021-05-08,98.0,770.0,0.0,0.0,167.5,0.0,809.75,116.0,1222.0,267.0,277.5,311.39,60.0
2021-05-09,111.5,668.0,0.0,0.0,137.5,0.0,727.0,115.0,1153.5,310.0,309.5,358.4,0.0
2021-05-10,0.0,0.0,0.0,0.0,0.0,0.0,0.0,0.0,0.0,0.0,0.0,0.0,0.0
2021-05-11,0.0,0.0,0.0,0.0,0.0,0.0,0.0,0.0,0.0,0.0,0.0,0.0,0.0
2021-05-12,42.25,641.0,0.0,0.0,114.25,0.0,554.25,46.0,602.5,122.0,227.0,203.68,19.5
2021-05-13,42.75,473.0,0.0,0.0,75.75,0.0,482.75,76.0,724.5,133.5,165.0,170.72,5.0
2021-05-14,46.75,1131.0,0.0,0.0,83.5,0.0,564.5,125.0,907.5,138.0,201.5,700.57,5.0
2021-05-15,60.25,975.0,0.0,0.0,116.25,0.0,922.0,102.0,1040.5,216.5,244.0,395.34,5.0
2021-05-16,95.75,675.0,0.0,0.0,108.75,0.0,732.25,114.0,1101.0,280.0,341.0,308.43,5.0
2021-05-17,0.0,0.0,0.0,0.0,0.0,0.0,0.0,0.0,0.0,0.0,0.0,0.0,0.0
2021-05-18,0.0,0.0,0.0,0.0,0.0,0.0,0.0,0.0,0.0,0.0,0.0,0.0,0.0
2021-05-19,65.25,470.0,0.0,0.0,128.75,0.0,744.0,67.0,894.5,179.0,195.0,216.62,10.75
2021-05-20,52.5,885.0,0.0,0.0,64.25,0.0,509.25,61.0,706.0,109.0,268.0,700.37,0.0
2021-05-21,62.75,642.0,0.0,0.0,110.5,0.0,785.75,79.0,917.0,229.0,139.0,278.53,5.0
2021-05-22,77.5,846.0,0.0,0.0,179.25,0.0,781.75,64.0,1076.0,298.5,231.0,434.4,5.0
2021-05-23,79.75,789.0,0.0,0.0,135.75,0.0,959.5,107.0,1276.5,277.0,378.5,326.42,15.5
2021-05-24,0.0,0.0,0.0,0.0,0.0,0.0,0.0,0.0,0.0,0.0,0.0,0.0,0.0
2021-05-25,0.0,0.0,0.0,0.0,0.0,0.0,0.0,0.0,0.0,0.0,0.0,0.0,0.0
2021-05-26,104.25,614.0,0.0,0.0,128.75,0.0,805.25,69.0,1055.5,226.5,258.0,239.58,35.0
2021-05-27,63.5,639.0,0.0,0.0,101.75,0.0,445.75,28.0,525.0,150.5,223.0,209.67,26.0
2021-05-28,64.75,685.0,0.0,0.0,133.75,0.0,579.5,73.0,933.0,184.0,127.5,308.35,46.0
2021-05-29,58.25,737.0,0.0,0.0,121.5,0.0,679.5,107.0,1072.5,240.0,264.5,196.64,21.0
2021-05-30,79.5,766.0,0.0,0.0,119.0,0.0,628.75,100.0,1034.5,279.0,329.5,323.45,39.0
2021-05-31,0.0,0.0,0.0,0.0,0.0,0.0,0.0,0.0,0.0,0.0,0.0,0.0,0.0
2021-06-01,0.0,0.0,0.0,0.0,0.0,0.0,0.0,0.0,0.0,0.0,0.0,0.0,0.0
2021-06-02,53.25,743.0,0.0,0.0,109.25,0.0,515.25,55.0,674.0,82.0,232.5,321.43,5.5
2021-06-03,63.0,395.0,0.0,0.0,118.5,0.0,504.0,68.0,761.0,296.0,121.5,216.71,43.0
2021-06-04,46.0,364.0,0.0,0.0,68.25,0.0,432.75,40.0,537.0,131.5,148.5,179.7,35.5
2021-06-05,81.5,582.0,0.0,0.0,66.25,0.0,692.5,110.0,1069.0,155.0,150.5,293.58,0.0
2021-06-06,66.75,702.0,0.0,0.0,122.25,0.0,820.0,110.0,845.0,242.5,220.5,321.45,16.5
2021-06-07,0.0,0.0,0.0,0.0,0.0,0.0,0.0,0.0,0.0,0.0,0.0,0.0,0.0
2021-06-08,0.0,0.0,0.0,0.0,0.0,0.0,0.0,0.0,0.0,0.0,0.0,0.0,0.0
2021-06-09,64.75,790.0,0.0,0.0,138.0,0.0,648.25,77.0,850.5,81.5,211.0,288.51,25.0
2021-06-10,3.5,33.0,0.0,0.0,0.0,0.0,0.0,0.0,0.0,0.0,0.0,0.0,0.0
2021-06-11,79.75,892.0,0.0,0.0,114.75,0.0,709.0,124.0,958.5,290.0,170.0,372.35,15.0
2021-06-12,108.75,767.0,0.0,0.0,157.25,0.0,726.25,150.0,1098.0,181.0,315.5,374.37,41.5
2021-06-13,71.25,695.0,0.0,0.0,118.75,0.0,831.5,116.0,976.5,253.5,309.0,268.56,10.5
2021-06-14,0.0,0.0,0.0,0.0,0.0,0.0,0.0,0.0,0.0,0.0,0.0,0.0,0.0
2021-06-15,0.0,0.0,0.0,0.0,0.0,0.0,0.0,0.0,0.0,0.0,0.0,0.0,0.0
2021-06-16,93.75,542.0,0.0,0.0,84.5,0.0,876.5,144.0,749.0,260.5,216.5,198.66,19.5
2021-06-17,68.5,607.0,0.0,0.0,108.75,0.0,681.25,75.0,623.5,119.5,211.0,273.57,5.5
2021-06-18,55.75,436.0,0.0,0.0,88.75,0.0,557.0,47.0,680.5,147.5,153.5,237.6,10.0
2021-06-19,71.0,486.0,0.0,0.0,72.5,0.0,856.75,120.0,1096.0,145.5,239.5,283.55,32.75
2021-06-20,38.0,450.0,0.0,0.0,60.75,0.0,610.25,62.0,1168.0,195.0,316.5,369.42,19.0
2021-06-21,0.0,0.0,0.0,0.0,0.0,0.0,0.0,0.0,0.0,0.0,0.0,0.0,0.0
2021-06-22,0.0,0.0,0.0,0.0,0.0,0.0,0.0,0.0,0.0,0.0,0.0,0.0,0.0
2021-06-23,59.25,489.0,0.0,0.0,109.25,0.0,737.5,44.0,617.5,74.5,120.5,309.46,10.5
2021-06-24,70.75,416.0,0.0,0.0,55.75,0.0,568.5,68.0,563.0,147.0,192.0,295.49,20.5
2021-06-25,62.0,676.0,0.0,0.0,86.5,0.0,766.0,52.0,860.5,180.0,262.0,297.53,15.0
2021-06-26,64.0,533.0,0.0,0.0,73.5,0.0,810.25,36.0,845.5,127.5,245.5,210.68,51.25
2021-06-27,66.5,642.0,0.0,0.0,100.75,0.0,901.25,63.0,1074.0,217.5,305.0,307.46,40.0
2021-06-28,0.0,0.0,0.0,0.0,0.0,0.0,0.0,0.0,0.0,0.0,0.0,0.0,0.0
2021-06-29,0.0,0.0,0.0,0.0,0.0,0.0,0.0,0.0,0.0,0.0,0.0,0.0,0.0
2021-06-30,32.75,552.0,0.0,0.0,43.0,0.0,593.75,37.0,675.5,153.5,225.0,227.59,0.0
2021-07-01,75.0,461.0,0.0,0.0,86.5,0.0,617.5,66.0,748.5,107.5,153.5,203.65,20.0
2021-07-02,75.25,529.0,0.0,0.0,72.75,0.0,488.5,76.0,758.5,125.0,222.0,170.7,17.0
2021-07-03,72.5,642.0,0.0,0.0,109.75,0.0,713.0,94.0,1108.0,235.0,255.0,256.56,78.5
2021-07-04,0.0,0.0,0.0,0.0,0.0,0.0,0.0,0.0,0.0,0.0,0.0,0.0,0.0
2021-07-05,0.0,0.0,0.0,0.0,0.0,0.0,0.0,0.0,0.0,0.0,0.0,0.0,0.0
2021-07-06,0.0,0.0,0.0,0.0,0.0,0.0,0.0,0.0,0.0,0.0,0.0,0.0,0.0
2021-07-07,46.0,385.0,0.0,0.0,122.25,0.0,681.25,31.0,562.5,132.0,105.5,308.51,40.75
2021-07-08,67.5,553.0,0.0,0.0,140.5,0.0,661.25,56.0,536.5,126.5,224.5,220.65,48.0
2021-07-09,83.0,628.0,0.0,0.0,117.75,0.0,608.5,115.0,936.0,202.0,218.5,298.52,39.5
2021-07-10,118.75,623.0,0.0,0.0,55.75,0.0,677.75,77.0,1039.0,328.0,279.0,201.65,32.75
2021-07-11,98.5,600.0,0.0,0.0,152.75,0.0,821.0,95.0,1239.0,242.0,221.0,332.43,29.5
2021-07-12,0.0,0.0,0.0,0.0,0.0,0.0,0.0,0.0,0.0,0.0,0.0,0.0,0.0
2021-07-13,0.0,0.0,0.0,0.0,0.0,0.0,0.0,0.0,0.0,0.0,0.0,0.0,0.0
2021-07-14,0.0,0.0,0.0,0.0,0.0,0.0,0.0,0.0,0.0,0.0,0.0,0.0,0.0
2021-07-15,46.0,781.0,0.0,0.0,83.75,0.0,642.75,59.0,681.0,160.0,175.0,275.59,31.0
2021-07-16,52.0,621.0,0.0,0.0,88.25,0.0,600.25,126.0,723.0,218.5,218.0,259.58,0.0
2021-07-17,70.75,643.0,0.0,0.0,164.25,0.0,773.5,88.0,888.0,176.0,194.0,172.64,52.25
2021-07-18,79.0,659.0,0.0,0.0,91.0,0.0,774.75,128.0,870.0,108.0,229.0,348.43,0.0
2021-07-19,0.0,0.0,0.0,0.0,0.0,0.0,0.0,0.0,0.0,0.0,0.0,0.0,0.0
2021-07-20,0.0,0.0,0.0,0.0,0.0,0.0,0.0,0.0,0.0,0.0,0.0,0.0,0.0
2021-07-21,55.0,408.0,0.0,0.0,76.25,0.0,640.0,46.0,694.0,149.5,120.0,184.69,29.5
2021-07-22,52.75,340.0,0.0,0.0,55.0,0.0,407.5,16.0,704.5,112.5,224.5,208.64,9.5
2021-07-23,48.5,496.0,0.0,0.0,132.5,0.0,701.25,41.0,758.5,160.0,178.0,201.67,15.75
2021-07-24,93.25,840.0,0.0,0.0,127.5,0.0,702.25,124.0,910.0,165.5,148.5,285.52,5.0
2021-07-25,96.0,761.0,0.0,0.0,133.25,0.0,697.5,117.0,1182.0,238.0,205.0,303.48,0.0
2021-07-26,0.0,0.0,0.0,0.0,0.0,0.0,0.0,0.0,0.0,0.0,0.0,0.0,0.0
2021-07-27,0.0,0.0,0.0,0.0,0.0,0.0,0.0,0.0,0.0,0.0,0.0,0.0,0.0
2021-07-28,70.75,680.0,0.0,0.0,130.0,0.0,552.5,56.0,628.5,137.0,169.5,358.49,29.0
2021-07-29,69.75,399.0,0.0,0.0,92.25,0.0,449.75,5.0,590.5,155.5,131.0,217.6,10.0
2021-07-30,52.75,491.0,0.0,0.0,110.25,0.0,703.25,50.0,796.5,231.0,210.5,174.64,29.5
2021-07-31,97.25,786.0,0.0,0.0,198.75,0.0,969.25,84.0,1080.0,197.5,227.0,278.54,10.5
2021-08-01,0.0,0.0,0.0,0.0,0.0,0.0,0.0,0.0,0.0,0.0,0.0,0.0,0.0
2021-08-02,0.0,0.0,0.0,0.0,0.0,0.0,0.0,0.0,0.0,0.0,0.0,0.0,0.0
2021-08-03,0.0,0.0,0.0,0.0,0.0,0.0,0.0,0.0,0.0,0.0,0.0,0.0,0.0
2021-08-04,81.75,609.0,0.0,0.0,155.0,0.0,695.75,62.0,694.5,229.5,214.5,434.26,19.75
2021-08-05,67.0,539.0,0.0,0.0,52.5,0.0,457.5,83.0,822.5,179.5,239.0,201.66,56.5
2021-08-06,58.75,464.0,0.0,0.0,97.0,0.0,589.75,86.0,547.0,153.5,174.5,234.56,46.0
2021-08-07,22.25,453.0,0.0,0.0,134.25,0.0,710.0,53.0,721.0,156.5,121.5,212.66,9.5
2021-08-08,35.5,531.0,0.0,0.0,98.0,0.0,395.5,90.0,700.0,211.0,227.5,234.59,0.0
2021-08-09,0.0,0.0,0.0,0.0,0.0,0.0,0.0,0.0,0.0,0.0,0.0,0.0,0.0
2021-08-10,0.0,0.0,0.0,0.0,0.0,0.0,0.0,0.0,0.0,0.0,0.0,0.0,0.0
2021-08-11,53.75,577.0,0.0,0.0,88.25,0.0,452.25,79.0,682.0,133.5,153.5,127.79,20.0
2021-08-12,61.25,324.0,0.0,0.0,114.5,0.0,496.25,23.0,456.0,142.5,138.0,150.69,10.0
2021-08-13,45.0,462.0,0.0,0.0,48.0,0.0,591.5,35.0,497.5,170.5,150.0,222.62,10.5
2021-08-14,64.75,712.0,0.0,0.0,84.75,0.0,584.5,31.0,896.0,259.0,249.5,240.62,26.0
2021-08-15,51.5,688.0,0.0,0.0,61.0,0.0,565.25,84.0,756.5,232.5,166.0,271.51,25.25
2021-08-16,0.0,0.0,0.0,0.0,0.0,0.0,0.0,0.0,0.0,0.0,0.0,0.0,0.0
2021-08-17,0.0,0.0,0.0,0.0,0.0,0.0,0.0,0.0,0.0,0.0,0.0,0.0,0.0
2021-08-18,79.25,541.0,0.0,0.0,64.5,0.0,763.5,51.0,676.0,116.5,203.5,227.6,10.0
2021-08-19,37.25,443.0,0.0,0.0,81.0,0.0,529.75,44.0,505.0,131.0,171.0,187.66,0.0
2021-08-20,81.0,502.0,0.0,0.0,62.25,0.0,518.5,67.0,692.5,84.5,179.5,173.68,76.5
2021-08-21,51.25,533.0,0.0,0.0,56.25,0.0,599.5,72.0,765.5,111.0,220.5,232.61,27.5
2021-08-22,84.75,656.0,0.0,0.0,128.5,0.0,980.5,87.0,1023.5,217.5,297.5,358.44,44.5
2021-08-23,0.0,0.0,0.0,0.0,0.0,0.0,0.0,0.0,0.0,0.0,0.0,0.0,0.0
2021-08-24,0.0,0.0,0.0,0.0,0.0,0.0,0.0,0.0,0.0,0.0,0.0,0.0,0.0
2021-08-25,59.0,330.0,0.0,0.0,95.5,0.0,576.25,68.0,539.0,75.5,138.0,232.65,5.5
2021-08-26,53.0,403.0,0.0,0.0,104.25,0.0,490.5,58.0,518.5,86.0,120.0,168.66,35.0
2021-08-27,77.0,603.0,0.0,0.0,75.25,0.0,731.5,68.0,613.0,143.5,194.5,237.55,10.0
2021-08-28,80.5,426.0,0.0,0.0,96.75,0.0,438.75,27.0,852.5,238.0,162.5,217.62,44.0
2021-08-29,81.5,483.0,0.0,0.0,86.75,0.0,542.5,80.0,726.5,175.5,236.0,289.57,20.5
2021-08-30,0.0,0.0,0.0,0.0,0.0,0.0,0.0,0.0,0.0,0.0,0.0,0.0,0.0
2021-08-31,0.0,0.0,0.0,0.0,0.0,0.0,0.0,0.0,0.0,0.0,0.0,0.0,0.0
2021-09-01,73.5,453.0,0.0,0.0,80.0,0.0,464.25,78.0,854.0,134.5,157.0,206.64,10.0
2021-09-02,48.5,474.0,0.0,0.0,83.0,0.0,641.5,91.0,689.0,110.5,179.0,184.68,26.0
2021-09-03,94.75,552.0,0.0,0.0,96.75,0.0,531.0,24.0,1032.5,156.5,303.5,262.55,0.0
2021-09-04,39.5,509.0,0.0,0.0,73.0,0.0,529.0,64.0,768.5,202.5,134.5,218.6,5.0
2021-09-05,99.25,603.0,0.0,0.0,103.0,0.0,592.0,127.0,1151.5,190.0,187.0,168.67,34.0
2021-09-06,0.0,0.0,0.0,0.0,0.0,0.0,0.0,0.0,0.0,0.0,0.0,0.0,0.0
2021-09-07,0.0,0.0,0.0,0.0,0.0,0.0,0.0,0.0,0.0,0.0,0.0,0.0,0.0
2021-09-08,93.25,364.0,0.0,0.0,69.0,0.0,567.75,73.0,573.0,157.5,154.0,150.76,19.0
2021-09-09,43.0,410.0,0.0,0.0,81.0,0.0,522.25,66.0,512.0,158.5,167.0,222.59,0.0
2021-09-10,52.25,604.0,0.0,0.0,133.75,0.0,908.75,149.0,805.5,206.0,238.5,273.61,24.75
2021-09-11,95.5,571.0,0.0,0.0,106.5,0.0,849.5,44.0,707.0,119.5,213.5,209.66,35.25
2021-09-12,74.75,688.0,0.0,0.0,100.25,0.0,593.5,95.0,1017.5,191.5,283.5,190.65,25.25
2021-09-13,0.0,0.0,0.0,0.0,0.0,0.0,0.0,0.0,0.0,0.0,0.0,0.0,0.0
2021-09-14,0.0,0.0,0.0,0.0,0.0,0.0,0.0,0.0,0.0,0.0,0.0,0.0,0.0
2021-09-15,49.5,329.0,0.0,0.0,91.0,0.0,467.0,48.0,492.5,127.0,116.0,197.66,20.75
2021-09-16,30.0,274.0,0.0,0.0,45.0,0.0,344.75,14.0,311.5,77.5,63.0,112.8,5.5
2021-09-17,46.25,480.0,0.0,0.0,73.25,0.0,504.25,90.0,718.0,91.5,232.0,190.67,36.25
2021-09-18,62.5,637.0,0.0,0.0,118.25,0.0,496.75,105.0,980.5,213.5,228.0,226.69,5.0
2021-09-19,50.0,703.0,0.0,0.0,124.25,0.0,442.0,36.0,502.0,143.5,222.5,246.61,12.0
2021-09-20,0.0,0.0,0.0,0.0,0.0,0.0,0.0,0.0,0.0,0.0,0.0,0.0,0.0
2021-09-21,0.0,0.0,0.0,0.0,0.0,0.0,0.0,0.0,0.0,0.0,0.0,0.0,0.0
2021-09-22,46.75,404.0,0.0,0.0,81.5,0.0,456.5,12.0,582.0,185.5,98.0,243.56,23.5
2021-09-23,67.5,445.0,0.0,48.0,86.75,0.0,577.25,89.0,475.5,81.5,111.5,192.69,24.5
2021-09-24,55.25,521.0,0.0,126.0,71.0,0.0,668.75,87.0,537.5,215.0,239.5,189.65,45.75
2021-09-25,43.25,480.0,0.0,102.0,87.75,0.0,547.75,98.0,735.5,88.5,170.5,190.71,25.0
2021-09-26,90.75,508.0,0.0,114.0,123.0,0.0,518.75,64.0,821.0,231.5,193.0,257.64,0.0
2021-09-27,0.0,0.0,0.0,0.0,0.0,0.0,0.0,0.0,0.0,0.0,0.0,0.0,0.0
2021-09-28,0.0,0.0,0.0,0.0,0.0,0.0,0.0,0.0,0.0,0.0,0.0,0.0,0.0
2021-09-29,75.5,374.0,0.0,96.0,78.75,0.0,431.5,96.0,469.5,188.0,184.0,187.72,28.5
2021-09-30,0.0,0.0,0.0,0.0,0.0,0.0,0.0,0.0,0.0,0.0,0.0,798.0,0.0
2021-10-01,59.75,406.0,0.0,156.0,105.5,0.0,602.0,63.0,695.5,146.0,166.0,143.78,5.0
2021-10-02,101.25,452.0,0.0,96.0,142.0,0.0,498.25,98.0,801.5,282.0,120.5,165.7,10.0
2021-10-03,134.25,456.0,0.0,126.0,119.25,0.0,557.5,77.0,917.5,288.5,198.0,156.72,10.5
2021-10-04,0.0,0.0,0.0,0.0,0.0,0.0,0.0,0.0,0.0,0.0,0.0,0.0,0.0
2021-10-05,0.0,0.0,0.0,0.0,0.0,0.0,0.0,0.0,0.0,0.0,0.0,0.0,0.0
2021-10-06,40.0,378.0,0.0,120.0,72.0,0.0,375.75,73.0,408.0,56.5,143.5,146.75,30.5
2021-10-07,49.0,455.0,0.0,114.0,99.25,0.0,496.0,20.0,306.5,75.5,146.0,211.63,25.0
2021-10-08,52.5,283.0,0.0,108.0,98.25,0.0,488.0,108.0,568.0,116.0,229.5,256.61,15.0
2021-10-09,85.5,479.0,0.0,150.0,126.0,0.0,570.0,42.0,692.0,179.5,248.5,401.44,10.0
2021-10-10,121.5,718.0,0.0,138.0,79.0,0.0,755.0,94.0,1086.0,268.0,245.5,327.42,31.25
2021-10-11,0.0,0.0,0.0,0.0,0.0,0.0,0.0,0.0,0.0,0.0,0.0,0.0,0.0
2021-10-12,0.0,0.0,0.0,0.0,0.0,0.0,0.0,0.0,0.0,0.0,0.0,0.0,0.0
2021-10-13,61.75,287.0,0.0,96.0,50.0,0.0,478.75,24.0,355.0,103.5,130.0,228.61,11.0
2021-10-14,44.75,248.0,0.0,120.0,85.25,0.0,514.0,42.0,406.0,97.0,87.5,212.69,20.0
2021-10-15,102.5,542.0,0.0,90.0,91.0,0.0,531.75,41.0,606.0,138.0,150.5,287.57,20.0
2021-10-16,71.0,378.0,0.0,66.0,101.25,0.0,545.5,39.0,643.0,255.5,184.5,192.65,5.0
2021-10-17,79.25,438.0,0.0,180.0,72.0,0.0,559.0,106.0,496.5,167.5,250.0,177.7,9.5
2021-10-18,0.0,0.0,0.0,0.0,0.0,0.0,0.0,0.0,0.0,0.0,0.0,0.0,0.0
2021-10-19,0.0,0.0,0.0,0.0,0.0,0.0,0.0,0.0,0.0,0.0,0.0,0.0,0.0
2021-10-20,56.5,188.0,0.0,168.0,43.75,0.0,394.5,30.0,325.0,108.0,89.0,157.77,5.0
2021-10-21,61.5,190.0,0.0,168.0,55.25,0.0,253.75,52.0,280.5,55.5,145.5,145.75,10.0
2021-10-22,70.25,489.0,0.0,183.0,76.75,0.0,441.75,59.0,500.5,125.5,215.5,225.63,5.0
2021-10-23,78.75,491.0,0.0,243.0,136.5,0.0,632.75,132.0,776.5,232.5,212.5,249.58,11.5
2021-10-24,37.0,244.0,0.0,123.0,31.0,0.0,323.75,50.0,328.0,47.5,56.5,107.85,0.0
2021-10-25,0.0,0.0,0.0,0.0,0.0,0.0,0.0,0.0,0.0,0.0,0.0,0.0,0.0
2021-10-26,0.0,0.0,0.0,0.0,0.0,0.0,0.0,0.0,0.0,0.0,0.0,0.0,0.0
2021-10-27,54.75,284.0,0.0,246.0,53.25,0.0,526.25,26.0,451.5,61.0,113.5,164.73,0.0
2021-10-28,46.75,281.0,0.0,108.0,40.0,0.0,417.5,28.0,349.0,114.5,46.5,201.71,15.0
2021-10-29,41.5,276.0,0.0,192.0,66.0,0.0,358.75,84.0,471.5,150.0,132.0,256.71,0.0
2021-10-30,62.25,184.0,0.0,132.0,61.25,0.0,341.0,39.0,499.0,105.0,129.5,171.72,10.0
2021-10-31,0.0,0.0,0.0,0.0,0.0,0.0,0.0,0.0,0.0,0.0,0.0,0.0,0.0
2021-11-01,0.0,0.0,0.0,0.0,0.0,0.0,0.0,0.0,0.0,0.0,0.0,0.0,0.0
2021-11-02,0.0,0.0,0.0,0.0,0.0,0.0,0.0,0.0,0.0,0.0,0.0,0.0,0.0
2021-11-03,50.5,306.0,0.0,165.0,56.25,0.0,374.5,54.0,487.0,152.5,114.5,109.82,0.0
2021-11-04,29.75,255.0,0.0,96.0,44.25,0.0,319.0,56.0,431.0,160.0,127.0,91.82,41.75
2021-11-05,95.25,453.0,0.0,102.0,115.75,0.0,538.0,60.0,783.0,193.5,163.0,197.68,10.0
2021-11-06,105.75,744.0,0.0,225.0,116.75,0.0,441.0,104.0,635.0,79.5,212.0,274.63,27.5
2021-11-07,49.0,476.0,0.0,180.0,112.5,0.0,578.75,64.0,781.5,169.0,113.5,170.69,20.25
2021-11-08,0.0,0.0,0.0,0.0,0.0,0.0,0.0,0.0,0.0,0.0,0.0,0.0,0.0
2021-11-09,0.0,0.0,0.0,0.0,0.0,0.0,0.0,0.0,0.0,0.0,0.0,0.0,0.0
2021-11-10,33.0,306.0,0.0,87.0,52.25,0.0,314.75,34.0,340.0,86.0,109.0,92.84,11.0
2021-11-11,44.0,382.0,0.0,195.0,51.25,0.0,266.5,62.0,389.5,120.5,163.0,152.71,15.5
2021-11-12,54.75,298.0,0.0,177.0,95.75,0.0,475.0,26.0,519.0,121.5,183.0,164.78,26.0
2021-11-13,74.5,571.0,0.0,222.0,83.75,0.0,459.0,107.0,794.0,240.0,185.5,219.67,39.5
2021-11-14,61.0,351.0,0.0,144.0,105.75,0.0,350.5,33.0,697.0,178.0,210.0,154.76,5.5
2021-11-15,0.0,0.0,0.0,0.0,0.0,0.0,0.0,0.0,0.0,0.0,0.0,0.0,0.0
2021-11-16,0.0,0.0,0.0,240.0,0.0,0.0,0.0,0.0,0.0,0.0,300.0,0.0,0.0
2021-11-17,66.25,215.0,0.0,141.0,58.5,0.0,328.25,48.0,472.0,111.0,160.5,117.8,10.5
2021-11-18,55.5,372.0,0.0,78.0,50.5,0.0,351.5,38.0,371.5,104.5,98.5,100.82,24.5
2021-11-19,50.0,455.0,0.0,219.0,100.25,0.0,484.75,40.0,453.0,131.5,151.0,222.68,10.75
2021-11-20,58.0,372.0,0.0,162.0,101.25,0.0,533.25,57.0,596.5,176.0,170.0,203.66,43.0
2021-11-21,0.0,0.0,0.0,0.0,0.0,0.0,0.0,0.0,0.0,0.0,0.0,0.0,0.0
2021-11-22,0.0,0.0,0.0,0.0,0.0,0.0,0.0,0.0,0.0,0.0,0.0,0.0,0.0
2021-11-23,0.0,0.0,0.0,0.0,0.0,0.0,0.0,0.0,0.0,0.0,0.0,0.0,0.0
2021-11-24,0.0,0.0,0.0,0.0,0.0,0.0,0.0,0.0,0.0,0.0,0.0,0.0,0.0
2021-11-25,0.0,0.0,0.0,0.0,0.0,0.0,0.0,0.0,0.0,0.0,0.0,0.0,0.0
2021-11-26,0.0,0.0,0.0,0.0,0.0,0.0,0.0,0.0,0.0,0.0,0.0,0.0,0.0
2021-11-27,73.5,490.0,0.0,165.0,63.0,0.0,483.5,59.0,497.5,163.0,148.5,239.63,26.0
2021-11-28,82.25,389.0,0.0,96.0,83.75,0.0,442.25,43.0,828.5,170.5,140.0,168.68,20.0
2021-11-29,0.0,0.0,0.0,0.0,0.0,0.0,0.0,0.0,0.0,0.0,0.0,0.0,0.0
2021-11-30,0.0,0.0,0.0,0.0,0.0,0.0,0.0,0.0,0.0,0.0,0.0,0.0,0.0
2021-12-01,65.25,427.0,0.0,117.0,103.5,0.0,565.5,60.0,488.5,77.5,153.0,138.79,0.0
2021-12-02,45.25,331.0,0.0,93.0,55.0,0.0,396.0,48.0,438.5,53.0,101.5,177.63,20.5
2021-12-03,62.75,384.0,0.0,132.0,48.5,0.0,332.75,60.0,507.0,106.5,104.5,94.82,0.0
2021-12-04,57.0,362.0,0.0,327.0,72.25,0.0,579.75,72.0,654.5,197.0,171.5,186.66,26.5
2021-12-05,60.75,481.0,0.0,180.0,61.0,0.0,629.5,76.0,490.5,174.5,222.5,108.83,24.5
2021-12-06,0.0,0.0,0.0,0.0,0.0,0.0,0.0,0.0,0.0,0.0,0.0,0.0,0.0
2021-12-07,0.0,0.0,0.0,0.0,0.0,0.0,0.0,0.0,0.0,0.0,0.0,0.0,0.0
2021-12-08,39.5,379.0,0.0,138.0,50.25,0.0,245.0,38.0,361.0,107.5,92.0,170.7,9.5
2021-12-09,34.0,319.0,0.0,171.0,97.5,0.0,358.5,53.0,371.0,71.0,175.5,167.69,20.0
2021-12-10,35.0,332.0,0.0,126.0,49.5,0.0,272.0,56.0,569.0,109.0,121.5,69.88,15.5
2021-12-11,61.5,376.0,0.0,189.0,109.25,0.0,596.75,52.0,758.0,206.5,137.5,199.67,5.0
2021-12-12,33.0,366.0,0.0,240.0,36.0,0.0,343.5,56.0,684.0,82.5,142.0,165.75,20.0
2021-12-13,0.0,0.0,0.0,0.0,0.0,0.0,0.0,0.0,0.0,0.0,0.0,0.0,0.0
2021-12-14,0.0,0.0,0.0,0.0,0.0,0.0,0.0,0.0,0.0,0.0,0.0,0.0,0.0
2021-12-15,42.25,374.0,0.0,141.0,63.25,0.0,374.75,24.0,398.5,70.0,124.5,133.79,20.0
2021-12-16,42.25,316.0,0.0,120.0,59.5,0.0,527.0,51.0,418.0,92.5,117.0,187.75,30.0
2021-12-17,35.75,379.0,0.0,123.0,69.0,0.0,336.75,37.0,287.5,153.5,63.5,247.66,45.0
2021-12-18,64.25,384.0,0.0,270.0,97.75,0.0,610.0,114.0,550.5,167.5,146.0,359.48,11.0
2021-12-19,50.5,568.0,0.0,282.0,130.0,0.0,705.75,55.0,815.5,164.0,198.5,299.52,31.25
2021-12-20,0.0,0.0,0.0,0.0,0.0,0.0,0.0,0.0,0.0,0.0,0.0,0.0,0.0
2021-12-21,0.0,0.0,0.0,0.0,0.0,0.0,0.0,0.0,0.0,0.0,0.0,0.0,0.0
2021-12-22,0.0,0.0,0.0,0.0,0.0,0.0,0.0,0.0,0.0,0.0,0.0,0.0,0.0
2021-12-23,0.0,0.0,0.0,0.0,0.0,0.0,0.0,0.0,0.0,0.0,0.0,0.0,0.0
2021-12-24,0.0,0.0,0.0,0.0,0.0,0.0,0.0,0.0,0.0,0.0,0.0,0.0,0.0
2021-12-25,0.0,0.0,0.0,0.0,0.0,0.0,0.0,0.0,0.0,0.0,0.0,0.0,0.0
2021-12-26,0.0,0.0,0.0,0.0,0.0,0.0,0.0,0.0,0.0,0.0,0.0,0.0,0.0
2021-12-27,0.0,0.0,0.0,0.0,0.0,0.0,0.0,0.0,0.0,0.0,0.0,0.0,0.0
2021-12-28,0.0,0.0,0.0,0.0,0.0,0.0,0.0,0.0,0.0,0.0,0.0,0.0,0.0
2021-12-29,0.0,0.0,0.0,0.0,0.0,0.0,0.0,0.0,0.0,0.0,0.0,0.0,0.0
2021-12-30,0.0,0.0,0.0,0.0,0.0,0.0,0.0,0.0,0.0,0.0,0.0,0.0,0.0
2021-12-31,0.0,0.0,0.0,0.0,0.0,0.0,0.0,0.0,0.0,0.0,0.0,0.0,0.0
2022-04-01,0.0,0.0,0.0,0.0,0.0,0.0,0.0,0.0,0.0,0.0,0.0,0.0,0.0
2022-04-02,0.0,0.0,0.0,0.0,0.0,0.0,0.0,0.0,0.0,0.0,0.0,0.0,0.0
2022-04-03,0.0,0.0,0.0,0.0,0.0,0.0,0.0,0.0,0.0,0.0,0.0,0.0,0.0
2022-04-04,0.0,0.0,0.0,0.0,0.0,0.0,0.0,0.0,0.0,0.0,0.0,0.0,0.0
2022-04-05,0.0,0.0,0.0,0.0,0.0,0.0,0.0,0.0,0.0,0.0,0.0,0.0,0.0
2022-04-06,0.0,0.0,0.0,0.0,0.0,0.0,0.0,0.0,0.0,0.0,0.0,0.0,0.0
2022-04-07,0.0,0.0,0.0,0.0,0.0,0.0,0.0,0.0,0.0,0.0,0.0,0.0,0.0
2022-04-08,0.0,0.0,0.0,0.0,0.0,0.0,0.0,0.0,0.0,0.0,0.0,0.0,0.0
2022-04-09,0.0,0.0,0.0,0.0,0.0,0.0,0.0,0.0,0.0,0.0,0.0,0.0,0.0
2022-04-10,0.0,0.0,0.0,0.0,0.0,0.0,0.0,0.0,0.0,0.0,0.0,0.0,0.0
2022-04-11,0.0,0.0,0.0,0.0,0.0,0.0,0.0,0.0,0.0,0.0,0.0,0.0,0.0
2022-04-12,0.0,0.0,0.0,0.0,0.0,0.0,0.0,0.0,0.0,0.0,0.0,0.0,0.0
2022-04-13,0.0,0.0,0.0,0.0,0.0,0.0,0.0,0.0,0.0,0.0,0.0,0.0,0.0
2022-04-14,0.0,0.0,0.0,0.0,0.0,0.0,0.0,0.0,0.0,0.0,0.0,0.0,0.0
2022-04-15,1.5,0.0,0.0,0.0,0.0,0.0,5.0,0.0,0.0,7.0,0.0,0.0,0.0
2022-04-16,0.0,0.0,0.0,0.0,0.0,0.0,0.0,0.0,0.0,0.0,0.0,0.0,0.0
2022-04-17,0.0,0.0,0.0,0.0,0.0,0.0,0.0,0.0,0.0,0.0,0.0,0.0,0.0
2022-04-18,0.0,0.0,0.0,0.0,0.0,0.0,0.0,0.0,0.0,0.0,0.0,0.0,0.0
2022-04-19,0.0,0.0,0.0,0.0,0.0,0.0,0.0,0.0,0.0,0.0,0.0,0.0,0.0
2022-04-20,139.25,1000.0,40.5,288.0,200.0,0.0,1443.75,206.0,1472.0,333.5,400.75,405.32,37.75
2022-04-21,92.25,862.0,107.0,204.0,134.25,0.0,990.75,145.5,989.5,202.5,242.0,257.5,37.25
2022-04-22,125.0,873.0,125.0,396.0,191.0,0.0,1192.0,190.0,1210.5,272.5,375.0,274.52,41.5
2022-04-23,135.25,1163.0,175.0,366.0,156.5,0.0,1634.25,165.5,1458.0,214.5,447.25,257.51,27.25
2022-04-24,134.75,1093.0,60.5,306.0,156.0,0.0,1028.0,165.5,1574.5,230.5,258.25,296.5,82.75
2022-04-25,0.0,0.0,0.0,0.0,0.0,0.0,0.0,0.0,0.0,0.0,0.0,0.0,0.0
2022-04-26,0.0,0.0,0.0,0.0,0.0,0.0,0.0,0.0,0.0,0.0,0.0,0.0,0.0
2022-04-27,98.0,602.0,158.75,294.0,92.75,0.0,957.25,128.0,821.0,324.0,267.5,122.8,121.0
2022-04-28,119.25,749.0,163.0,249.0,178.0,0.0,981.0,229.0,1059.0,181.0,352.25,261.47,26.25
2022-04-29,160.0,753.0,208.25,285.0,170.5,0.0,1129.75,154.5,961.5,292.0,268.25,347.44,27.25
2022-04-30,140.0,1172.0,228.75,546.0,148.5,0.0,1046.25,169.0,1358.0,350.5,409.25,273.53,10.5
2022-05-01,143.25,1092.0,77.25,546.0,173.25,0.0,1377.25,214.0,1494.5,257.0,473.0,370.38,22.5
2022-05-02,0.0,0.0,0.0,0.0,0.0,0.0,0.0,0.0,0.0,0.0,0.0,0.0,0.0
2022-05-03,0.0,0.0,0.0,0.0,0.0,0.0,0.0,0.0,0.0,0.0,0.0,0.0,0.0
2022-05-04,192.25,1012.0,132.75,279.0,222.25,60.0,1054.75,254.5,974.5,194.5,366.75,187.6,65.0
2022-05-05,95.25,565.0,89.5,234.0,172.0,64.0,727.0,70.5,685.5,164.5,178.0,187.65,5.75
2022-05-06,125.0,881.0,182.5,267.0,230.5,92.0,945.75,169.0,872.0,180.0,212.75,372.4,47.75
2022-05-07,127.75,951.0,922.5,361.5,172.25,196.0,1710.5,93.0,1169.5,235.5,314.5,301.46,15.0
2022-05-08,0.0,0.0,0.0,0.0,0.0,0.0,0.0,0.0,0.0,0.0,0.0,0.0,0.0
2022-05-09,0.0,0.0,0.0,0.0,0.0,0.0,0.0,0.0,0.0,0.0,0.0,0.0,0.0
2022-05-10,0.0,0.0,0.0,0.0,0.0,0.0,0.0,0.0,0.0,0.0,0.0,0.0,0.0
2022-05-11,128.25,606.0,56.25,249.0,138.25,66.0,758.75,139.0,705.5,158.5,340.5,232.56,71.0
2022-05-12,88.25,682.0,197.75,337.5,171.75,146.0,939.25,94.5,755.5,183.0,328.75,262.5,17.5
2022-05-13,138.5,912.0,149.0,363.0,230.0,154.0,868.75,169.0,965.5,291.0,247.0,251.47,58.25
2022-05-14,169.5,895.0,252.0,430.5,187.0,142.0,1219.75,176.0,1261.0,276.5,325.5,368.44,69.0
2022-05-15,159.0,830.0,176.25,408.0,103.0,154.0,1024.25,124.0,1220.0,163.5,367.0,276.47,10.0
2022-05-16,0.0,0.0,0.0,0.0,0.0,0.0,0.0,0.0,0.0,0.0,0.0,0.0,0.0
2022-05-17,0.0,0.0,0.0,0.0,0.0,0.0,0.0,0.0,0.0,0.0,0.0,0.0,0.0
2022-05-18,106.0,778.0,164.0,171.0,130.75,110.0,813.0,178.0,1177.0,296.5,335.5,179.65,83.5
2022-05-19,117.5,617.0,143.5,202.5,162.0,96.0,782.0,135.0,749.5,194.5,243.5,175.66,34.25
2022-05-20,97.75,624.0,137.0,231.0,138.25,138.0,730.5,150.5,809.5,261.5,299.25,199.66,16.75
2022-05-21,131.5,811.0,379.0,265.5,136.75,138.0,985.75,183.0,1315.5,295.0,271.5,212.55,42.0
2022-05-22,165.25,623.0,200.25,393.0,117.0,86.0,998.0,155.0,1173.5,246.0,285.0,283.54,15.75
2022-05-23,0.0,0.0,0.0,0.0,0.0,0.0,0.0,0.0,0.0,0.0,0.0,0.0,0.0
2022-05-24,0.0,0.0,0.0,0.0,0.0,0.0,0.0,0.0,0.0,0.0,0.0,0.0,0.0
2022-05-25,77.5,591.0,106.0,271.5,105.25,56.0,933.0,145.0,744.5,195.0,207.75,216.63,42.0
2022-05-26,96.25,536.0,217.25,336.0,63.75,94.0,676.0,121.0,738.5,150.5,223.0,281.6,18.75
2022-05-27,146.0,636.0,174.25,228.0,156.0,94.0,827.75,185.5,739.5,272.5,283.75,228.59,5.75
2022-05-28,165.75,704.0,170.75,286.5,75.5,82.0,866.0,136.5,990.0,276.5,253.5,353.42,16.75
2022-05-29,172.75,954.0,130.25,267.0,154.0,130.0,904.0,196.5,1304.0,298.0,271.25,303.59,42.5
2022-05-30,0.0,0.0,0.0,0.0,0.0,0.0,0.0,0.0,0.0,0.0,0.0,0.0,0.0
2022-05-31,0.0,0.0,0.0,0.0,0.0,0.0,0.0,0.0,0.0,0.0,0.0,0.0,0.0
2022-06-01,88.75,444.0,235.0,235.5,82.5,80.0,595.25,135.0,594.0,188.0,167.0,284.57,5.75
2022-06-02,106.5,569.0,143.75,259.5,92.0,48.0,864.25,192.0,701.0,194.0,262.25,198.61,0.0
2022-06-03,97.25,622.0,136.0,292.5,88.0,84.0,726.75,74.5,770.0,298.0,256.75,303.54,43.5
2022-06-04,126.75,617.0,81.0,327.0,137.5,32.0,578.25,165.5,806.5,201.0,265.75,210.6,26.75
2022-06-05,158.5,495.0,308.5,306.0,135.25,34.0,767.25,146.0,1063.0,209.0,301.0,183.68,11.0
2022-06-06,0.0,0.0,0.0,0.0,0.0,0.0,0.0,0.0,0.0,0.0,0.0,0.0,0.0
2022-06-07,0.0,0.0,0.0,0.0,0.0,0.0,0.0,0.0,0.0,0.0,0.0,0.0,0.0
2022-06-08,128.0,588.0,94.5,271.5,97.5,88.0,594.75,157.5,792.0,151.0,261.75,169.72,37.75
2022-06-09,116.75,810.0,90.5,267.0,167.0,108.0,905.0,130.5,660.5,253.5,194.25,216.62,0.0
2022-06-10,124.25,552.0,163.25,147.0,57.5,52.0,689.25,147.5,638.0,235.0,215.75,133.73,42.0
2022-06-11,138.0,853.0,58.25,339.0,166.5,82.0,886.75,124.0,1134.0,310.5,189.25,230.63,58.75
2022-06-12,83.5,663.0,134.75,345.0,220.5,66.0,873.75,165.0,1011.5,229.5,211.5,276.58,41.5
2022-06-13,0.0,0.0,0.0,0.0,0.0,0.0,0.0,0.0,0.0,0.0,0.0,0.0,0.0
2022-06-14,0.0,0.0,0.0,0.0,0.0,0.0,0.0,0.0,0.0,0.0,0.0,0.0,0.0
2022-06-15,94.75,673.0,148.25,238.5,183.0,128.0,716.75,72.5,869.0,156.0,189.75,158.69,21.0
2022-06-16,94.0,391.0,101.25,214.5,112.0,40.0,627.75,157.5,743.0,181.0,172.0,172.71,17.25
2022-06-17,108.5,593.0,192.5,225.0,165.0,80.0,717.75,127.0,913.0,282.5,215.25,246.57,27.75
2022-06-18,141.25,681.0,87.5,294.0,144.25,100.0,808.25,127.0,1166.5,272.5,248.25,221.6,5.25
2022-06-19,136.25,510.0,159.75,313.5,120.0,96.0,833.75,176.0,1377.0,325.5,237.5,181.59,33.75
2022-06-20,0.0,0.0,0.0,0.0,0.0,0.0,0.0,0.0,0.0,0.0,0.0,0.0,0.0
2022-06-21,0.0,0.0,0.0,0.0,0.0,0.0,0.0,0.0,0.0,0.0,0.0,0.0,0.0
2022-06-22,0.0,0.0,0.0,0.0,0.0,0.0,0.0,0.0,0.0,0.0,0.0,0.0,0.0
2022-06-23,83.0,482.0,115.25,270.0,92.25,52.0,838.25,165.5,653.5,191.5,181.0,179.67,64.5
2022-06-24,112.75,619.0,133.5,289.5,113.5,74.0,768.75,32.5,866.5,180.5,254.5,318.47,37.25
2022-06-25,181.25,562.0,168.75,273.0,176.25,50.0,1127.5,245.0,1150.0,270.0,190.0,266.54,61.5
2022-06-26,155.0,645.0,139.75,261.0,87.75,88.0,779.5,131.5,1192.0,247.0,349.25,302.48,0.0
2022-06-27,0.0,0.0,0.0,0.0,0.0,0.0,0.0,0.0,0.0,0.0,0.0,0.0,0.0
2022-06-28,0.0,0.0,0.0,0.0,0.0,0.0,0.0,0.0,0.0,0.0,0.0,0.0,0.0
2022-06-29,97.75,381.0,130.0,168.0,138.75,60.0,732.25,117.5,791.0,169.0,158.5,62.86,16.25
2022-06-30,92.25,392.0,76.5,198.0,110.0,40.0,586.0,115.5,792.5,197.5,129.0,161.68,43.0
2022-07-01,110.25,464.0,33.25,285.0,98.5,54.0,655.25,90.0,924.0,167.0,203.5,95.81,21.0
2022-07-02,106.0,577.0,173.25,289.5,166.25,48.0,682.25,233.0,1025.5,232.75,229.0,131.74,5.75
2022-07-03,148.25,776.0,202.25,371.5,143.75,112.0,659.0,157.0,1258.5,307.25,253.0,361.47,10.5
2022-07-04,0.0,0.0,0.0,0.0,0.0,0.0,0.0,0.0,0.0,0.0,0.0,0.0,0.0
2022-07-05,0.0,0.0,0.0,0.0,0.0,0.0,0.0,0.0,0.0,0.0,0.0,0.0,0.0
2022-07-06,91.5,644.0,128.0,281.5,106.75,48.0,805.5,118.5,774.0,212.75,266.5,228.64,36.75
2022-07-07,106.25,462.0,58.5,201.0,135.25,16.0,739.0,170.0,745.0,241.25,120.25,188.64,40.75
2022-07-08,96.75,471.0,81.0,267.0,102.5,20.0,580.5,99.5,779.0,259.0,204.25,183.65,16.75
2022-07-09,112.5,566.0,101.25,278.0,144.5,50.0,668.75,69.0,939.0,175.25,222.75,272.53,44.25
2022-07-10,227.25,733.0,186.5,338.5,194.0,46.0,999.0,251.0,1504.5,313.25,384.0,306.48,47.75
2022-07-11,0.0,0.0,0.0,0.0,0.0,0.0,0.0,0.0,0.0,0.0,0.0,0.0,0.0
2022-07-12,0.0,0.0,0.0,0.0,0.0,0.0,0.0,0.0,0.0,0.0,0.0,0.0,0.0
2022-07-13,93.75,427.0,161.75,225.0,126.75,54.0,652.25,145.0,677.0,252.25,266.5,185.73,63.5
2022-07-14,88.5,337.0,119.75,180.0,60.5,20.0,575.5,129.5,665.5,158.5,166.5,152.76,30.5
2022-07-15,92.0,582.0,212.75,237.0,116.25,104.0,632.5,149.0,830.5,222.5,137.25,348.45,79.0
2022-07-16,124.5,603.0,163.75,280.0,98.75,22.0,715.0,92.0,1103.0,283.75,155.5,299.5,56.75
2022-07-17,150.25,551.0,113.75,358.5,126.25,56.0,684.5,144.0,1104.5,357.25,387.25,305.46,36.75
2022-07-18,0.0,0.0,0.0,0.0,0.0,0.0,0.0,0.0,0.0,0.0,0.0,0.0,0.0
2022-07-19,0.0,0.0,0.0,0.0,0.0,0.0,0.0,0.0,0.0,0.0,0.0,0.0,0.0
2022-07-20,105.75,474.0,116.75,258.0,112.25,74.0,743.25,197.5,731.0,242.25,221.5,205.61,46.25
2022-07-21,71.0,358.0,179.75,193.0,93.0,100.0,414.25,55.0,582.5,220.25,200.25,186.72,69.25
2022-07-22,110.25,463.0,55.25,173.0,132.25,36.0,669.0,99.5,792.5,250.75,208.25,133.73,35.0
2022-07-23,107.0,666.0,80.5,241.0,132.0,54.0,600.0,89.5,1186.0,277.0,214.0,244.57,32.0
2022-07-24,150.5,564.0,147.75,282.0,100.25,36.0,678.25,125.0,1209.5,297.5,334.25,322.49,31.0
2022-07-25,0.0,0.0,0.0,0.0,0.0,0.0,0.0,0.0,0.0,0.0,0.0,0.0,0.0
2022-07-26,0.0,0.0,0.0,0.0,0.0,0.0,0.0,0.0,0.0,0.0,0.0,0.0,0.0
2022-07-27,106.75,532.0,122.5,238.0,90.25,52.0,878.5,101.5,1154.5,260.25,165.25,144.76,115.5
2022-07-28,94.75,423.0,79.75,208.0,99.75,20.0,664.0,51.5,576.5,167.5,183.5,189.68,10.5
2022-07-29,139.25,482.0,155.25,180.5,142.25,32.0,758.0,78.5,781.5,244.75,198.25,221.68,49.75
2022-07-30,183.0,522.0,133.25,180.0,188.25,22.0,696.25,225.0,1329.0,219.75,238.75,271.53,16.25
2022-07-31,127.75,454.0,119.0,235.5,129.5,50.0,816.75,134.0,1087.0,248.75,252.25,248.62,30.5
2022-08-01,0.0,0.0,0.0,0.0,0.0,0.0,0.0,0.0,0.0,0.0,0.0,0.0,0.0
2022-08-02,0.0,0.0,0.0,0.0,0.0,0.0,0.0,0.0,0.0,0.0,0.0,0.0,0.0
2022-08-03,103.5,451.0,80.0,235.5,89.75,34.0,631.75,89.5,525.5,305.25,156.25,179.67,67.5
2022-08-04,160.0,637.0,167.5,288.5,143.5,104.0,615.5,75.5,484.0,227.75,154.0,132.75,16.75
2022-08-05,141.5,344.0,114.25,236.5,101.5,32.0,587.25,109.0,727.5,249.25,112.75,213.69,10.0
2022-08-06,135.25,604.0,135.5,206.0,103.25,22.0,741.5,162.0,893.0,242.25,256.0,264.62,49.25
2022-08-07,128.5,592.0,42.75,259.0,84.25,38.0,844.0,162.5,1005.5,324.25,223.75,235.58,0.0
2022-08-08,0.0,0.0,0.0,0.0,0.0,0.0,0.0,0.0,0.0,0.0,0.0,0.0,0.0
2022-08-09,0.0,0.0,0.0,0.0,0.0,0.0,0.0,0.0,0.0,0.0,0.0,0.0,0.0
2022-08-10,70.5,379.0,182.25,174.5,80.25,44.0,518.5,71.0,497.5,153.75,113.75,154.76,20.0
2022-08-11,108.25,428.0,60.0,184.0,86.25,38.0,487.5,125.0,438.0,148.5,155.25,167.74,74.0
2022-08-12,159.75,511.0,101.25,99.5,61.0,52.0,694.5,159.5,748.0,265.75,305.75,184.7,67.25
2022-08-13,154.5,293.0,93.0,207.5,104.25,40.0,594.5,171.5,1047.5,301.5,281.75,177.71,0.0
2022-08-14,137.0,497.0,128.75,317.0,82.75,50.0,620.5,144.5,1023.0,303.25,197.5,179.67,26.25
2022-08-15,0.0,0.0,0.0,0.0,0.0,0.0,0.0,0.0,0.0,0.0,0.0,0.0,0.0
2022-08-16,0.0,0.0,0.0,0.0,0.0,0.0,0.0,0.0,0.0,0.0,0.0,0.0,0.0
2022-08-17,74.75,310.0,135.0,144.0,127.25,66.0,583.5,107.0,577.0,195.25,96.75,105.81,26.25
2022-08-18,105.0,512.0,104.75,226.0,127.75,56.0,774.0,127.0,666.5,166.75,265.0,119.82,22.5
2022-08-19,84.75,502.0,120.25,196.5,77.5,82.0,460.0,106.0,725.5,207.0,171.75,243.53,12.25
2022-08-20,150.0,539.0,68.0,304.5,144.75,28.0,626.5,112.0,1020.5,236.25,189.25,381.51,56.0
2022-08-21,119.75,716.0,179.5,212.0,132.25,66.0,545.5,173.0,998.5,247.5,292.5,186.66,11.0
2022-08-22,0.0,0.0,0.0,0.0,0.0,0.0,0.0,0.0,0.0,0.0,0.0,0.0,0.0
2022-08-23,0.0,0.0,0.0,0.0,0.0,0.0,0.0,0.0,0.0,0.0,0.0,0.0,0.0
2022-08-24,80.0,456.0,131.0,225.5,67.0,72.0,534.25,66.0,629.5,160.25,71.75,134.74,35.75
2022-08-25,67.25,338.0,108.75,229.0,87.25,14.0,519.75,61.0,482.0,144.0,203.5,142.76,22.5
2022-08-26,107.25,471.0,141.75,216.0,105.0,40.0,632.25,78.0,562.0,173.25,188.75,137.77,23.0
2022-08-27,162.75,629.0,149.5,364.0,134.0,68.0,502.0,123.5,853.5,293.25,252.75,299.51,36.75
2022-08-28,97.5,413.0,143.25,223.5,109.75,58.0,508.25,85.0,938.0,307.75,194.5,185.63,10.5
2022-08-29,0.0,0.0,0.0,0.0,0.0,0.0,0.0,0.0,0.0,0.0,0.0,0.0,0.0
2022-08-30,0.0,0.0,0.0,0.0,0.0,0.0,0.0,0.0,0.0,0.0,0.0,0.0,0.0
2022-08-31,103.5,415.0,75.25,217.0,113.0,88.0,371.75,114.0,711.5,282.5,173.5,81.84,30.5
2022-09-01,135.0,350.0,147.5,128.0,106.75,54.0,579.0,135.5,501.5,163.75,212.5,113.81,11.25
2022-09-02,108.0,448.0,102.25,134.0,143.75,34.0,550.75,122.0,722.0,246.75,212.0,227.66,16.0
2022-09-03,194.5,487.0,250.5,269.5,161.5,20.0,703.5,181.5,937.5,278.75,255.5,230.68,115.0
2022-09-04,152.5,376.0,145.5,318.0,153.0,46.0,691.25,139.5,1195.5,390.75,262.0,181.71,56.5
2022-09-05,4.0,0.0,0.0,0.0,0.0,0.0,0.0,0.0,0.0,0.0,0.0,0.0,0.0
2022-09-06,0.0,0.0,0.0,0.0,0.0,0.0,0.0,0.0,0.0,0.0,0.0,0.0,0.0
2022-09-07,56.0,297.0,52.25,209.0,103.75,24.0,527.0,75.5,428.5,245.25,113.0,251.35,10.75
2022-09-08,75.0,333.0,118.5,203.5,68.5,24.0,448.25,85.5,579.5,221.0,141.0,147.75,10.75
2022-09-09,122.0,376.0,85.75,301.5,114.25,42.0,533.75,151.5,561.0,280.5,274.5,114.77,17.25
2022-09-10,127.0,482.0,86.0,215.0,73.75,24.0,525.25,123.5,637.5,194.75,211.0,118.75,53.5
2022-09-11,126.5,422.0,198.5,259.5,129.5,74.0,630.25,100.0,810.5,289.5,231.0,181.75,54.75
2022-09-12,0.0,0.0,0.0,0.0,0.0,0.0,0.0,0.0,0.0,0.0,0.0,0.0,0.0
2022-09-13,0.0,0.0,0.0,0.0,0.0,0.0,0.0,0.0,0.0,0.0,0.0,0.0,0.0
2022-09-14,88.0,357.0,68.25,143.0,26.0,36.0,529.5,77.0,487.0,114.25,116.0,107.76,0.0
2022-09-15,90.0,268.0,153.5,115.0,75.5,48.0,460.5,86.5,379.0,228.5,99.5,94.88,10.0
2022-09-16,80.5,319.0,79.25,156.0,71.25,32.0,534.75,43.0,653.0,193.25,117.5,177.68,28.25
2022-09-17,87.5,367.0,191.25,161.0,68.25,56.0,390.5,103.5,883.5,270.75,165.0,181.74,10.5
2022-09-18,67.5,269.0,139.0,137.75,58.25,22.0,307.75,82.0,453.5,140.75,123.0,170.63,17.25
2022-09-19,0.0,0.0,0.0,0.0,0.0,0.0,0.0,0.0,0.0,0.0,0.0,0.0,0.0
2022-09-20,0.0,0.0,0.0,0.0,0.0,0.0,0.0,0.0,0.0,0.0,0.0,0.0,0.0
2022-09-21,63.0,230.0,85.25,116.5,102.25,10.0,300.25,108.5,347.5,160.5,104.0,78.88,6.0
2022-09-22,110.0,217.0,102.5,172.0,80.5,38.0,353.0,74.5,425.5,148.0,103.5,172.76,52.75
2022-09-23,105.5,333.0,115.75,173.25,101.25,54.0,597.5,73.5,398.0,176.0,152.0,158.73,5.25
2022-09-24,103.0,383.0,151.75,206.5,58.25,64.0,589.25,156.0,853.5,205.0,149.0,232.51,16.75
2022-09-25,122.5,401.0,70.5,189.0,176.0,82.0,547.25,52.0,632.5,219.75,220.0,164.74,6.0
2022-09-26,0.0,0.0,0.0,0.0,0.0,0.0,0.0,0.0,0.0,0.0,0.0,0.0,0.0
2022-09-27,0.0,0.0,0.0,0.0,0.0,0.0,0.0,0.0,0.0,0.0,0.0,0.0,0.0
2022-09-28,70.5,312.0,75.75,139.0,91.75,62.0,389.5,105.5,480.0,250.0,135.0,102.82,12.25
2022-09-29,59.0,264.0,101.5,133.0,48.0,40.0,428.75,72.0,470.0,156.75,132.0,103.82,20.5
2022-09-30,95.5,342.0,119.0,178.0,124.5,28.0,524.75,110.5,492.5,152.5,119.5,130.76,21.25
2022-10-01,133.0,417.0,189.0,209.75,92.5,48.0,554.75,197.0,693.0,218.75,253.5,125.75,15.25
2022-10-02,118.0,569.0,116.5,158.0,194.5,74.0,820.0,70.0,746.0,168.75,220.5,177.7,5.25
2022-10-03,0.0,0.0,0.0,0.0,0.0,0.0,0.0,0.0,0.0,0.0,0.0,0.0,0.0
2022-10-04,0.0,0.0,0.0,0.0,0.0,0.0,0.0,0.0,0.0,0.0,0.0,0.0,0.0
2022-10-05,60.5,363.0,45.0,208.75,71.5,66.0,428.0,40.0,443.0,204.75,202.5,110.8,16.75
2022-10-06,42.0,367.0,83.25,94.0,39.75,30.0,558.5,72.5,482.5,122.5,129.5,114.81,10.75
2022-10-07,100.5,436.0,103.75,197.5,47.5,82.0,547.0,116.5,656.0,153.5,151.5,189.68,17.5
2022-10-08,0.0,0.0,0.0,0.0,0.0,0.0,0.0,0.0,0.0,0.0,0.0,0.0,0.0
2022-10-09,115.0,497.0,113.25,192.0,163.75,48.0,417.25,145.5,740.5,270.25,278.5,168.69,37.0
2022-10-10,0.0,0.0,0.0,0.0,0.0,0.0,0.0,0.0,0.0,0.0,0.0,0.0,0.0
2022-10-11,0.0,0.0,0.0,0.0,0.0,0.0,0.0,0.0,0.0,0.0,0.0,0.0,0.0
2022-10-12,72.5,268.0,55.5,175.5,122.0,66.0,372.75,106.0,322.0,121.25,115.0,99.83,5.25
2022-10-13,75.0,381.0,84.0,123.5,34.25,68.0,402.0,83.0,397.0,78.75,89.0,100.83,22.0
2022-10-14,69.5,260.0,64.5,159.5,74.5,58.0,494.0,87.0,357.5,99.0,116.0,121.82,5.25
2022-10-15,84.0,300.0,129.5,108.75,89.25,64.0,572.75,51.0,582.5,121.5,156.0,137.73,16.75
2022-10-16,73.5,361.0,91.25,161.5,41.25,86.0,468.0,55.0,555.0,118.5,236.0,85.84,22.75
2022-10-17,0.0,0.0,0.0,0.0,0.0,0.0,0.0,0.0,0.0,0.0,0.0,0.0,0.0
2022-10-18,0.0,0.0,0.0,0.0,0.0,0.0,0.0,0.0,0.0,0.0,0.0,0.0,0.0
2022-10-19,85.5,310.0,110.0,49.0,78.25,40.0,330.75,30.5,385.0,95.25,42.0,63.88,5.25
2022-10-20,92.0,386.0,123.75,94.0,77.25,50.0,462.0,94.0,483.0,86.25,202.0,108.81,35.25
2022-10-21,116.0,447.0,104.0,193.25,66.25,60.0,520.5,84.5,540.0,204.75,280.5,140.71,81.75
2022-10-22,65.5,543.0,98.0,217.25,79.75,52.0,513.25,168.0,608.5,149.25,252.0,141.75,18.5
2022-10-23,87.5,308.0,167.25,176.25,64.0,38.0,422.25,75.0,841.0,175.75,201.5,130.77,38.5
2022-10-24,0.0,0.0,0.0,0.0,0.0,0.0,0.0,0.0,0.0,0.0,0.0,0.0,0.0
2022-10-25,0.0,0.0,0.0,0.0,0.0,0.0,0.0,0.0,0.0,0.0,0.0,0.0,0.0
2022-10-26,56.5,284.0,75.0,94.0,75.0,56.0,250.25,28.5,304.5,195.75,144.0,112.81,10.5
2022-10-27,60.0,258.0,85.75,138.5,91.75,28.0,440.25,95.0,288.0,109.25,44.0,77.89,18.25
2022-10-28,75.0,362.0,67.25,78.75,22.75,6.0,405.5,48.0,433.5,180.0,96.0,121.81,10.5
2022-10-29,74.0,391.0,97.5,140.25,57.5,14.0,349.5,67.0,625.5,208.0,204.5,193.71,10.5
2022-10-30,74.5,432.0,41.25,158.5,85.0,116.0,524.5,47.0,579.0,138.0,154.0,221.62,38.75
2022-10-31,0.0,0.0,0.0,0.0,0.0,0.0,0.0,0.0,0.0,0.0,0.0,0.0,0.0
2022-11-01,0.0,0.0,0.0,0.0,0.0,0.0,0.0,0.0,0.0,0.0,0.0,0.0,0.0
2022-11-02,64.5,264.0,79.25,102.5,75.0,58.0,362.5,68.5,272.0,92.0,50.0,165.8,0.0
2022-11-04,73.0,432.0,116.75,150.0,95.0,40.0,437.5,126.0,565.5,194.0,171.5,154.75,57.25
2022-11-05,67.0,333.0,73.0,172.0,47.5,78.0,377.5,103.5,632.0,203.5,188.0,216.66,0.0
2022-11-06,81.0,429.0,133.75,210.25,83.0,32.0,372.25,24.0,627.0,206.25,99.5,86.84,33.25
2022-11-07,0.0,0.0,0.0,0.0,0.0,0.0,0.0,0.0,0.0,0.0,0.0,0.0,0.0
2022-11-08,0.0,0.0,0.0,0.0,0.0,0.0,0.0,0.0,0.0,0.0,0.0,0.0,0.0
2022-11-09,76.5,410.0,42.0,169.25,63.5,46.0,480.25,62.0,268.5,124.75,98.0,90.84,10.75
2022-11-10,48.0,309.0,0.0,131.0,132.5,22.0,317.25,43.0,656.5,174.5,152.5,126.79,21.25
2022-11-11,146.0,471.0,105.5,203.25,165.75,66.0,583.25,148.5,647.0,236.25,294.5,162.71,17.5
2022-11-12,95.5,488.0,125.25,144.0,105.5,72.0,566.0,90.5,591.0,142.0,213.5,167.73,28.5
2022-11-13,73.5,546.0,47.5,215.5,78.0,36.0,454.75,113.0,674.5,243.5,167.5,138.77,6.0
2022-11-14,0.0,0.0,0.0,0.0,0.0,0.0,0.0,0.0,0.0,0.0,0.0,0.0,0.0
2022-11-15,0.0,0.0,0.0,49.0,0.0,50.0,0.0,0.0,0.0,0.0,0.0,0.0,0.0
2022-11-16,25.0,280.0,100.25,107.0,58.25,18.0,370.5,51.0,278.5,84.25,122.0,88.86,22.75
2022-11-18,61.5,323.0,97.5,176.75,99.25,50.0,518.0,128.5,425.5,135.25,172.5,166.71,13.75
2022-11-19,86.5,310.0,118.75,129.0,78.75,42.0,488.75,72.0,469.0,117.5,97.0,178.74,5.25
2022-11-20,0.0,0.0,0.0,0.0,0.0,0.0,0.0,0.0,0.0,0.0,0.0,0.0,0.0
2022-11-21,0.0,0.0,0.0,0.0,0.0,0.0,0.0,0.0,0.0,0.0,0.0,0.0,0.0
2022-11-22,0.0,0.0,0.0,0.0,0.0,0.0,0.0,0.0,0.0,0.0,0.0,0.0,0.0
2022-11-23,47.0,243.0,79.0,112.0,47.75,48.0,416.75,20.0,329.0,46.5,113.5,81.85,33.75
2022-11-24,0.0,0.0,0.0,0.0,0.0,0.0,0.0,0.0,0.0,0.0,0.0,0.0,0.0
2022-11-25,72.0,237.0,19.5,183.25,68.25,4.0,340.5,44.5,460.0,91.25,124.0,186.71,31.5
2022-11-26,91.5,486.0,110.25,167.0,99.0,112.0,616.0,155.0,607.5,141.75,171.5,138.79,16.0
2022-11-27,73.5,306.0,133.25,163.0,100.25,38.0,534.75,39.0,547.5,131.75,135.0,121.83,0.0
2022-11-28,0.0,0.0,0.0,0.0,0.0,0.0,0.0,0.0,0.0,0.0,0.0,0.0,0.0
2022-11-29,0.0,0.0,0.0,0.0,0.0,0.0,0.0,0.0,0.0,0.0,0.0,0.0,0.0
2022-11-30,53.0,373.0,47.0,82.5,53.75,10.0,377.5,53.5,337.5,92.5,101.0,119.79,0.0
2022-12-01,26.5,258.0,82.0,51.5,43.0,26.0,305.5,51.0,187.5,73.75,86.0,122.85,0.0
2022-12-02,72.0,483.0,134.0,160.0,47.0,66.0,577.25,77.0,347.0,222.0,178.5,99.84,10.5
2022-12-03,48.5,260.0,11.5,114.5,73.75,28.0,286.25,29.5,475.5,149.5,82.0,90.81,22.0
2022-12-04,118.0,424.0,29.0,223.5,114.0,62.0,351.5,83.0,633.0,99.5,160.5,148.73,46.5
2022-12-05,0.0,0.0,0.0,0.0,0.0,0.0,0.0,0.0,0.0,0.0,0.0,0.0,0.0
2022-12-06,0.0,0.0,0.0,0.0,0.0,0.0,0.0,0.0,0.0,0.0,0.0,0.0,0.0
2022-12-07,48.0,311.0,66.5,92.25,76.25,76.0,360.0,40.0,283.5,92.75,140.0,72.86,6.0
2022-12-08,46.5,205.0,107.5,58.0,36.25,58.0,300.25,43.5,314.0,94.25,76.0,131.81,0.0
2022-12-09,120.5,287.0,73.5,106.0,101.0,36.0,465.75,129.0,366.5,133.75,122.0,153.76,5.25
2022-12-10,70.0,260.0,40.5,93.5,41.5,20.0,280.75,102.0,381.5,90.25,91.0,87.84,10.0
2022-12-11,41.5,362.0,40.75,196.5,49.5,82.0,406.25,56.5,506.5,59.5,191.0,147.76,23.5
2022-12-12,0.0,0.0,0.0,0.0,0.0,0.0,0.0,0.0,0.0,0.0,0.0,0.0,0.0
2022-12-13,0.0,0.0,0.0,0.0,0.0,0.0,0.0,0.0,0.0,0.0,0.0,0.0,0.0
2022-12-14,58.0,337.0,78.5,59.0,44.0,24.0,350.5,51.5,293.5,142.75,75.5,89.86,6.0
2022-12-15,42.0,274.0,136.75,122.25,65.75,26.0,552.25,84.0,489.5,230.25,109.5,128.79,0.0
2022-12-16,85.5,416.0,138.75,104.0,76.75,66.0,476.25,52.5,387.5,125.5,207.5,102.84,33.5
2022-12-17,39.5,375.0,54.5,117.5,64.25,20.0,348.0,37.5,321.0,119.75,147.5,197.73,27.5
2022-12-18,57.5,260.0,25.5,186.5,130.5,68.0,469.25,46.0,552.5,95.0,178.0,98.82,31.75
2022-12-19,0.0,0.0,0.0,0.0,0.0,0.0,0.0,0.0,0.0,0.0,0.0,0.0,0.0
2022-12-20,0.0,0.0,0.0,0.0,0.0,0.0,0.0,0.0,0.0,0.0,0.0,0.0,0.0
2022-12-21,62.5,418.0,94.25,74.5,56.25,20.0,475.25,80.5,386.5,108.25,186.5,160.7,20.5
2022-12-22,47.5,237.0,62.5,96.5,52.0,64.0,251.0,28.0,229.0,94.75,111.5,103.82,0.0
2022-12-23,35.0,235.0,59.0,120.0,61.5,12.0,439.75,47.0,452.5,123.75,87.0,139.79,33.25
2022-12-24,0.0,0.0,0.0,0.0,0.0,0.0,0.0,0.0,0.0,0.0,0.0,0.0,0.0
2022-12-25,0.0,0.0,0.0,0.0,0.0,0.0,0.0,0.0,0.0,0.0,0.0,0.0,0.0
2022-12-26,0.0,0.0,0.0,0.0,0.0,0.0,0.0,0.0,0.0,0.0,0.0,0.0,0.0
2022-12-27,0.0,0.0,0.0,0.0,0.0,0.0,0.0,0.0,0.0,0.0,0.0,0.0,0.0
2022-12-28,0.0,0.0,0.0,0.0,0.0,0.0,0.0,0.0,0.0,0.0,0.0,0.0,0.0
2022-12-29,0.0,0.0,0.0,0.0,0.0,0.0,0.0,0.0,0.0,0.0,0.0,0.0,0.0
2022-12-30,0.0,0.0,0.0,0.0,0.0,0.0,0.0,0.0,0.0,0.0,0.0,0.0,0.0
2022-12-31,0.0,0.0,0.0,0.0,0.0,0.0,0.0,0.0,0.0,0.0,0.0,0.0,0.0
2023-01-01,0.0,0.0,0.0,0.0,0.0,0.0,0.0,0.0,0.0,0.0,0.0,0.0,0.0
2023-01-02,0.0,0.0,0.0,0.0,0.0,0.0,0.0,0.0,0.0,0.0,0.0,0.0,0.0
2023-01-03,0.0,0.0,0.0,0.0,0.0,0.0,0.0,0.0,0.0,0.0,0.0,0.0,0.0
2023-01-04,0.0,0.0,0.0,0.0,0.0,0.0,0.0,0.0,0.0,0.0,0.0,0.0,0.0
2023-01-05,46.5,367.0,44.0,125.0,105.5,28.0,400.0,58.0,495.0,143.0,181.5,110.82,27.75
2023-01-06,73.5,518.0,149.0,190.25,132.0,50.0,578.25,69.5,593.0,195.75,156.0,179.75,26.75
2023-01-07,66.0,480.0,109.5,165.5,59.0,82.0,440.0,94.0,492.0,103.5,233.0,236.64,16.5
2023-01-08,80.5,507.0,72.75,161.0,90.0,70.0,396.25,142.0,580.0,154.75,173.5,150.75,20.5
2023-01-09,0.0,0.0,0.0,0.0,0.0,0.0,0.0,0.0,0.0,0.0,0.0,0.0,0.0
2023-01-10,0.0,0.0,0.0,0.0,0.0,0.0,0.0,0.0,0.0,0.0,0.0,0.0,0.0
2023-01-11,38.5,206.0,98.0,73.0,82.25,24.0,317.5,46.0,282.5,59.0,63.5,65.92,22.5
2023-01-12,59.0,262.0,132.25,148.75,58.5,6.0,405.75,31.0,396.5,145.5,106.0,170.72,16.0
2023-01-13,39.5,502.0,86.0,132.0,51.25,52.0,410.25,54.5,486.5,117.25,180.0,289.58,19.75
2023-01-14,91.0,371.0,44.25,124.25,79.75,64.0,456.0,31.0,430.5,89.5,90.0,107.83,10.5
2023-01-15,72.0,515.0,57.0,125.5,96.5,22.0,372.75,55.5,345.5,100.5,154.5,134.83,20.75
2023-01-16,0.0,0.0,0.0,0.0,0.0,0.0,0.0,0.0,0.0,0.0,0.0,0.0,0.0
2023-01-17,0.0,0.0,0.0,0.0,0.0,0.0,0.0,0.0,0.0,0.0,0.0,0.0,0.0
2023-01-18,56.0,269.0,166.0,70.0,28.25,16.0,291.75,62.0,351.0,95.0,52.0,103.84,11.25
2023-01-19,50.0,404.0,66.0,135.0,51.25,60.0,440.5,111.5,246.5,136.5,114.0,122.79,15.25
2023-01-20,63.0,382.0,163.25,150.0,79.25,42.0,531.0,74.0,611.0,144.0,224.0,87.86,5.25
2023-01-21,74.5,642.0,137.5,130.0,89.0,72.0,567.75,52.0,618.5,241.5,233.0,206.62,34.25
2023-01-22,49.0,403.0,123.25,160.0,68.5,70.0,344.75,49.5,539.5,146.0,214.5,137.8,11.5
2023-01-23,0.0,0.0,0.0,0.0,0.0,0.0,0.0,0.0,0.0,0.0,0.0,0.0,0.0
2023-01-24,0.0,0.0,0.0,0.0,0.0,0.0,0.0,0.0,0.0,0.0,0.0,0.0,0.0
2023-01-25,72.0,422.0,65.75,146.5,35.25,58.0,415.0,75.0,434.5,137.0,136.5,124.8,29.25
2023-01-26,76.5,238.0,84.25,104.0,43.0,22.0,427.75,126.5,371.5,140.0,110.0,100.82,39.75
2023-01-27,72.0,377.0,138.5,206.0,73.0,46.0,436.25,99.5,695.0,138.25,205.0,148.74,16.75
2023-01-28,68.0,598.0,143.25,271.25,39.0,28.0,622.0,108.0,834.0,292.0,198.0,252.62,11.5
2023-01-29,82.5,394.0,73.5,96.5,41.5,50.0,417.25,104.5,456.5,125.0,136.5,103.83,16.75
2023-01-30,0.0,0.0,0.0,0.0,0.0,0.0,0.0,0.0,0.0,0.0,0.0,0.0,0.0
2023-01-31,0.0,0.0,0.0,0.0,0.0,0.0,0.0,0.0,0.0,0.0,0.0,0.0,0.0
2023-02-01,72.0,384.0,108.75,220.0,75.25,48.0,514.5,52.0,440.5,175.0,142.5,174.7,0.0
2023-02-02,87.5,359.0,174.5,124.0,97.75,38.0,546.0,130.5,501.5,152.75,183.0,132.78,16.0
2023-02-03,66.0,340.0,110.0,161.25,153.5,28.0,527.5,172.0,605.5,172.0,186.5,110.81,5.25
2023-02-04,88.5,547.0,147.0,159.0,91.75,54.0,439.75,67.0,394.0,137.5,148.0,180.65,16.75
2023-02-05,75.5,375.0,143.0,219.0,100.5,28.0,476.0,117.0,573.0,146.5,148.5,161.75,22.0
2023-02-06,0.0,0.0,0.0,0.0,0.0,0.0,0.0,0.0,0.0,0.0,0.0,0.0,0.0
2023-02-07,0.0,0.0,0.0,0.0,0.0,0.0,0.0,0.0,0.0,0.0,0.0,0.0,0.0
2023-02-08,63.0,430.0,101.0,224.5,73.0,24.0,594.25,127.0,421.5,175.75,126.0,120.8,0.0
2023-02-09,62.0,390.0,77.5,131.25,63.75,20.0,376.5,68.5,499.0,148.0,156.0,123.77,17.25
2023-02-10,88.5,598.0,106.0,151.0,47.5,44.0,550.5,116.0,540.5,234.25,144.0,214.52,12.25
2023-02-11,88.0,550.0,252.0,244.25,92.5,92.0,537.0,73.5,621.0,253.0,223.0,224.66,27.0
2023-02-12,63.0,416.0,177.5,243.5,87.0,38.0,369.0,54.5,674.5,159.25,204.0,96.84,16.0
2023-02-13,0.0,0.0,0.0,0.0,0.0,0.0,0.0,0.0,0.0,0.0,0.0,0.0,0.0
2023-02-14,0.0,0.0,0.0,0.0,0.0,0.0,0.0,0.0,0.0,0.0,0.0,0.0,0.0
2023-02-15,94.0,349.0,126.5,112.5,69.75,46.0,448.75,128.5,425.5,168.75,185.5,101.83,26.0
2023-02-16,61.0,271.0,156.5,137.0,74.25,34.0,417.5,93.5,401.0,183.5,123.0,94.82,24.75
2023-02-17,80.0,507.0,95.0,160.75,74.75,34.0,386.0,63.0,461.0,203.0,128.5,170.66,0.0
2023-02-18,76.5,521.0,146.75,238.75,80.5,40.0,502.25,87.0,808.5,278.25,309.5,153.76,0.0
2023-02-19,126.0,648.0,230.75,321.75,72.5,64.0,768.0,138.5,802.5,262.5,316.0,161.69,10.5
2023-02-20,0.0,0.0,0.0,0.0,0.0,0.0,0.0,0.0,0.0,0.0,0.0,0.0,0.0
2023-02-21,0.0,0.0,0.0,0.0,0.0,0.0,0.0,0.0,0.0,0.0,0.0,0.0,0.0
2023-02-22,56.0,399.0,143.0,204.25,38.25,96.0,370.5,97.0,525.0,131.25,222.0,113.81,43.0
2023-02-23,75.5,376.0,121.0,121.75,42.5,12.0,409.75,83.0,448.0,50.25,142.0,167.71,23.25
2023-02-24,71.0,472.0,154.25,165.5,149.0,50.0,499.5,65.5,734.5,155.0,127.5,119.77,0.0
2023-02-25,102.5,417.0,205.5,253.5,86.0,42.0,516.25,164.5,721.0,198.25,339.5,152.78,10.5
2023-02-26,101.0,689.0,239.25,195.0,74.0,30.0,571.5,113.0,686.5,220.5,190.5,176.68,23.25
2023-02-27,0.0,0.0,0.0,0.0,0.0,0.0,0.0,0.0,0.0,0.0,0.0,0.0,0.0
2023-02-28,0.0,0.0,0.0,0.0,0.0,0.0,0.0,0.0,0.0,0.0,0.0,0.0,0.0
2023-03-01,73.5,499.0,80.0,214.75,143.5,50.0,379.25,92.5,459.0,143.5,171.5,150.7,11.75
2023-03-02,50.5,352.0,176.75,155.25,61.25,36.0,457.5,63.0,409.5,138.0,199.5,126.79,10.0
2023-03-03,76.0,335.0,158.75,315.25,33.0,68.0,726.0,97.0,653.5,184.0,311.5,199.67,52.75
2023-03-04,89.0,617.0,116.0,300.25,209.75,74.0,610.0,127.5,866.5,261.0,234.0,193.69,11.75
2023-03-05,79.0,482.0,169.75,253.0,130.0,24.0,653.25,146.0,700.0,183.5,357.5,259.59,0.0
2023-03-06,0.0,0.0,0.0,0.0,0.0,0.0,0.0,0.0,0.0,0.0,0.0,0.0,0.0
2023-03-07,0.0,0.0,0.0,0.0,0.0,0.0,0.0,0.0,0.0,0.0,0.0,0.0,0.0
2023-03-08,40.5,353.0,122.75,162.0,41.25,10.0,468.0,82.0,508.0,148.5,241.5,90.83,23.5
2023-03-09,33.5,278.0,47.0,91.25,29.0,32.0,224.75,22.5,277.5,68.5,145.0,158.78,11.5
2023-03-10,115.5,534.0,129.25,141.0,52.25,98.0,417.75,162.5,587.5,158.5,201.0,125.77,22.5
2023-03-11,73.5,626.0,74.0,202.25,88.5,80.0,468.75,100.5,669.0,247.25,205.5,154.76,31.25
2023-03-12,109.0,517.0,145.75,262.5,136.25,56.0,502.25,107.0,822.0,320.75,224.5,200.71,39.5
2023-03-13,0.0,0.0,0.0,0.0,0.0,0.0,0.0,0.0,0.0,0.0,0.0,0.0,0.0
2023-03-14,0.0,0.0,0.0,0.0,0.0,0.0,0.0,0.0,0.0,0.0,0.0,0.0,0.0
2023-03-15,52.0,394.0,119.25,164.25,79.75,12.0,553.0,73.5,631.5,154.75,181.5,141.75,16.5
2023-03-16,83.0,395.0,44.5,90.0,64.0,72.0,576.25,71.0,364.5,166.75,184.0,156.79,43.5
2023-03-17,109.0,421.0,180.25,232.75,119.75,54.0,398.0,143.5,500.0,116.25,203.0,163.74,5.25
2023-03-18,127.0,685.0,237.0,249.5,161.0,38.0,505.75,99.0,582.5,186.25,195.0,285.55,0.0
2023-03-19,95.5,560.0,81.5,305.75,30.5,28.0,456.0,62.5,769.0,256.75,302.0,223.6,6.0
2023-03-20,0.0,0.0,0.0,0.0,0.0,0.0,0.0,0.0,0.0,0.0,0.0,0.0,0.0
2023-03-21,0.0,0.0,0.0,0.0,0.0,0.0,0.0,0.0,0.0,0.0,0.0,0.0,0.0
2023-03-22,53.5,337.0,153.0,145.5,74.5,42.0,434.75,70.0,541.5,107.25,120.0,161.77,6.0
2023-03-23,48.0,446.0,110.0,169.5,85.75,48.0,491.25,51.0,229.0,154.0,142.0,127.78,23.25
2023-03-24,100.5,476.0,208.0,179.5,97.5,16.0,564.25,84.5,460.5,88.25,161.0,141.75,26.5
2023-03-25,120.5,779.0,30.0,197.5,114.0,62.0,653.0,107.0,990.5,292.75,215.0,183.69,5.25
2023-03-26,122.0,670.0,74.0,220.25,117.5,118.0,520.5,107.0,810.5,184.75,229.5,155.71,6.0
2023-03-27,0.0,0.0,0.0,0.0,0.0,0.0,0.0,0.0,0.0,0.0,0.0,0.0,0.0
2023-03-28,0.0,0.0,0.0,0.0,0.0,0.0,0.0,0.0,0.0,0.0,0.0,0.0,0.0
2023-03-29,55.0,406.0,64.0,189.0,65.0,34.0,339.0,54.5,499.0,113.5,179.5,104.8,21.5
2023-03-30,64.0,456.0,138.5,181.75,102.25,22.0,493.25,77.0,517.5,202.75,81.0,83.83,0.0
2023-03-31,127.5,445.0,75.0,222.75,53.0,34.0,426.75,198.5,564.5,226.25,72.0,208.67,26.0
